70,30
A,0,N,FALSE,FALSE,0,0,0
B,0,N,FALSE,FALSE,0,0,0
C,0,N,FALSE,FALSE,0,0,0
D,0,N,FALSE,FALSE,0,0,0
E,0,N,FALSE,FALSE,0,0,0
F,0,N,FALSE,FALSE,0,0,0
G,0,N,FALSE,FALSE,0,0,0
H,0,N,FALSE,FALSE,0,0,0
I,0,N,FALSE,FALSE,0,0,0
J,0,N,FALSE,FALSE,0,0,0
K,0,N,FALSE,FALSE,0,0,0
L,0,N,FALSE,FALSE,0,0,0
M,0,N,FALSE,FALSE,0,0,0
N,0,N,FALSE,FALSE,0,0,0
O,0,N,FALSE,FALSE,0,0,0
P,0,N,FALSE,FALSE,0,0,0
Q,0,N,FALSE,FALSE,0,0,0
R,0,N,FALSE,FALSE,0,0,0
S,0,N,FALSE,FALSE,0,0,0
T,0,N,FALSE,FALSE,0,0,0
U,0,N,FALSE,FALSE,0,0,0
V,0,N,FALSE,FALSE,0,0,0
W,0,N,FALSE,FALSE,0,0,0
X,0,N,FALSE,FALSE,0,0,0
Y,0,N,FALSE,FALSE,0,0,0
Z,0,N,FALSE,FALSE,0,0,0
AA,0,N,FALSE,FALSE,0,0,0
AB,0,N,FALSE,FALSE,0,0,0
AC,0,N,FALSE,FALSE,0,0,0
AD,0,N,FALSE,FALSE,0,0,0
AE,0,N,FALSE,FALSE,0,0,0
AF,0,N,FALSE,FALSE,0,0,0
AG,0,N,FALSE,FALSE,0,0,0
AH,0,N,FALSE,FALSE,0,0,0
AI,0,N,FALSE,FALSE,0,0,0
AJ,0,N,FALSE,FALSE,0,0,0
AK,0,N,FALSE,TRUE,0,0,0
AL,0,N,FALSE,TRUE,0,0,0
AM,0,N,FALSE,TRUE,0,0,0
AN,0,N,FALSE,TRUE,0,0,0
AO,0,N,FALSE,TRUE,0,0,0
AP,0,N,FALSE,TRUE,0,0,0
AQ,0,N,FALSE,TRUE,0,0,0
AR,0,N,FALSE,TRUE,0,0,0
AS,0,N,FALSE,TRUE,0,0,0
AT,0,N,FALSE,TRUE,0,0,0
AU,0,N,FALSE,TRUE,0,0,0
AV,0,N,FALSE,TRUE,0,0,0
AW,0,N,FALSE,TRUE,0,0,0
AX,0,N,FALSE,TRUE,0,0,0
AY,0,N,FALSE,TRUE,0,0,0
AZ,0,N,FALSE,TRUE,0,0,0
BA,0,N,FALSE,TRUE,0,0,0
BB,0,N,FALSE,TRUE,0,0,0
BC,0,N,FALSE,TRUE,0,0,0
BD,0,N,FALSE,TRUE,0,0,0
BE,0,N,FALSE,TRUE,0,0,0
BF,0,N,FALSE,TRUE,0,0,0
BG,0,N,FALSE,TRUE,0,0,0
BH,0,N,FALSE,TRUE,0,0,0
BI,0,N,FALSE,TRUE,0,0,0
BJ,0,N,FALSE,TRUE,0,0,0
BK,0,N,FALSE,TRUE,0,0,0
BL,0,N,FALSE,TRUE,0,0,0
BM,0,N,FALSE,TRUE,0,0,0
BN,0,N,FALSE,TRUE,0,0,0
BO,0,N,FALSE,TRUE,0,0,0
BP,0,N,FALSE,TRUE,0,0,0
BQ,0,N,FALSE,TRUE,0,0,0
BR,0,N,FALSE,TRUE,0,0,0
A,1,N,FALSE,FALSE,0,0,0
B,1,N,FALSE,FALSE,0,0,0
C,1,N,FALSE,FALSE,0,0,0
D,1,N,FALSE,FALSE,0,0,0
E,1,N,FALSE,FALSE,0,0,0
F,1,N,FALSE,FALSE,0,0,0
G,1,N,FALSE,FALSE,0,0,0
H,1,N,FALSE,FALSE,0,0,0
I,1,N,FALSE,FALSE,0,0,0
J,1,N,FALSE,FALSE,0,0,0
K,1,N,FALSE,FALSE,0,0,0
L,1,N,FALSE,FALSE,0,0,0
M,1,N,FALSE,FALSE,0,0,0
N,1,N,FALSE,FALSE,0,0,0
O,1,N,FALSE,FALSE,0,0,0
P,1,N,FALSE,FALSE,0,0,0
Q,1,N,FALSE,FALSE,0,0,0
R,1,N,FALSE,FALSE,0,0,0
S,1,N,FALSE,FALSE,0,0,0
T,1,N,FALSE,FALSE,0,0,0
U,1,N,FALSE,FALSE,0,0,0
V,1,N,FALSE,FALSE,0,0,0
W,1,N,FALSE,FALSE,0,0,0
X,1,N,FALSE,FALSE,0,0,0
Y,1,N,FALSE,FALSE,0,0,0
Z,1,N,FALSE,FALSE,0,0,0
AA,1,N,FALSE,FALSE,0,0,0
AB,1,N,FALSE,FALSE,0,0,0
AC,1,N,FALSE,FALSE,0,0,0
AD,1,N,FALSE,FALSE,0,0,0
AE,1,N,FALSE,FALSE,0,0,0
AF,1,N,FALSE,FALSE,0,0,0
AG,1,N,FALSE,FALSE,0,0,0
AH,1,N,FALSE,FALSE,0,0,0
AI,1,N,FALSE,FALSE,0,0,0
AJ,1,N,FALSE,FALSE,0,0,0
AK,1,N,FALSE,TRUE,0,0,0
AL,1,N,FALSE,TRUE,0,0,0
AM,1,N,FALSE,TRUE,0,0,0
AN,1,N,FALSE,TRUE,0,0,0
AO,1,N,FALSE,TRUE,0,0,0
AP,1,N,FALSE,TRUE,0,0,0
AQ,1,N,FALSE,TRUE,0,0,0
AR,1,N,FALSE,TRUE,0,0,0
AS,1,N,FALSE,TRUE,0,0,0
AT,1,N,FALSE,TRUE,0,0,0
AU,1,N,FALSE,TRUE,0,0,0
AV,1,N,FALSE,TRUE,0,0,0
AW,1,N,FALSE,TRUE,0,0,0
AX,1,N,FALSE,TRUE,0,0,0
AY,1,N,FALSE,TRUE,0,0,0
AZ,1,N,FALSE,TRUE,0,0,0
BA,1,N,FALSE,TRUE,0,0,0
BB,1,N,FALSE,TRUE,0,0,0
BC,1,N,FALSE,TRUE,0,0,0
BD,1,N,FALSE,TRUE,0,0,0
BE,1,N,FALSE,TRUE,0,0,0
BF,1,N,FALSE,TRUE,0,0,0
BG,1,N,FALSE,TRUE,0,0,0
BH,1,N,FALSE,TRUE,0,0,0
BI,1,N,FALSE,TRUE,0,0,0
BJ,1,N,FALSE,TRUE,0,0,0
BK,1,N,FALSE,TRUE,0,0,0
BL,1,N,FALSE,TRUE,0,0,0
BM,1,N,FALSE,TRUE,0,0,0
BN,1,N,FALSE,TRUE,0,0,0
BO,1,N,FALSE,TRUE,0,0,0
BP,1,N,FALSE,TRUE,0,0,0
BQ,1,N,FALSE,TRUE,0,0,0
BR,1,N,FALSE,TRUE,0,0,0
A,2,N,FALSE,FALSE,0,0,0
B,2,N,FALSE,FALSE,0,0,0
C,2,N,FALSE,FALSE,0,0,0
D,2,N,FALSE,FALSE,0,0,0
E,2,N,FALSE,FALSE,0,0,0
F,2,N,FALSE,FALSE,0,0,0
G,2,N,FALSE,FALSE,0,0,0
H,2,N,FALSE,FALSE,0,0,0
I,2,N,FALSE,FALSE,0,0,0
J,2,N,FALSE,FALSE,0,0,0
K,2,N,FALSE,FALSE,0,0,0
L,2,N,FALSE,FALSE,0,0,0
M,2,N,FALSE,FALSE,0,0,0
N,2,N,FALSE,FALSE,0,0,0
O,2,N,FALSE,FALSE,0,0,0
P,2,N,FALSE,FALSE,0,0,0
Q,2,N,FALSE,FALSE,0,0,0
R,2,N,FALSE,FALSE,0,0,0
S,2,N,FALSE,FALSE,0,0,0
T,2,N,FALSE,FALSE,0,0,0
U,2,N,FALSE,FALSE,0,0,0
V,2,S,FALSE,FALSE,0,1,Kiln,8.354,1242,0
W,2,S,FALSE,FALSE,0,3,Kiln,3.721,1163,Hearth,3.265,2.439,1185,Kiln,4.176,1221,0
X,2,N,FALSE,FALSE,0,0,0
Y,2,N,FALSE,FALSE,0,0,0
Z,2,N,FALSE,FALSE,0,0,0
AA,2,N,FALSE,FALSE,0,0,0
AB,2,N,FALSE,FALSE,0,0,0
AC,2,N,FALSE,FALSE,0,0,0
AD,2,N,FALSE,FALSE,0,0,0
AE,2,N,FALSE,FALSE,0,0,0
AF,2,N,FALSE,FALSE,0,0,0
AG,2,N,FALSE,FALSE,0,0,0
AH,2,N,FALSE,FALSE,0,0,0
AI,2,N,FALSE,FALSE,0,0,0
AJ,2,N,FALSE,FALSE,0,0,0
AK,2,N,FALSE,TRUE,0,0,0
AL,2,N,FALSE,TRUE,0,0,0
AM,2,N,FALSE,TRUE,0,0,0
AN,2,N,FALSE,TRUE,0,0,0
AO,2,N,FALSE,TRUE,0,0,0
AP,2,N,FALSE,TRUE,0,0,0
AQ,2,N,FALSE,TRUE,0,0,0
AR,2,N,FALSE,TRUE,0,0,0
AS,2,N,FALSE,TRUE,0,0,0
AT,2,N,FALSE,TRUE,0,0,0
AU,2,N,FALSE,TRUE,0,0,0
AV,2,N,FALSE,TRUE,0,0,0
AW,2,N,FALSE,TRUE,0,0,0
AX,2,N,FALSE,TRUE,0,0,0
AY,2,N,FALSE,TRUE,0,0,0
AZ,2,N,FALSE,TRUE,0,0,0
BA,2,N,FALSE,TRUE,0,0,0
BB,2,N,FALSE,TRUE,0,0,0
BC,2,N,FALSE,TRUE,0,0,0
BD,2,N,FALSE,TRUE,0,0,0
BE,2,N,FALSE,TRUE,0,0,0
BF,2,N,FALSE,TRUE,0,0,0
BG,2,N,FALSE,TRUE,0,0,0
BH,2,N,FALSE,TRUE,0,0,0
BI,2,N,FALSE,TRUE,0,0,0
BJ,2,N,FALSE,TRUE,0,0,0
BK,2,N,FALSE,TRUE,0,0,0
BL,2,N,FALSE,TRUE,0,0,0
BM,2,N,FALSE,TRUE,0,0,0
BN,2,N,FALSE,TRUE,0,0,0
BO,2,N,FALSE,TRUE,0,0,0
BP,2,N,FALSE,TRUE,0,0,0
BQ,2,N,FALSE,TRUE,0,0,0
BR,2,N,FALSE,TRUE,0,0,0
A,3,N,FALSE,FALSE,0,0,0
B,3,N,FALSE,FALSE,0,0,0
C,3,N,FALSE,FALSE,0,0,0
D,3,N,FALSE,FALSE,0,0,0
E,3,N,FALSE,FALSE,0,0,0
F,3,N,FALSE,FALSE,0,0,0
G,3,N,FALSE,FALSE,0,0,0
H,3,N,FALSE,FALSE,0,0,0
I,3,N,FALSE,FALSE,0,0,0
J,3,N,FALSE,FALSE,0,0,0
K,3,N,FALSE,FALSE,0,0,0
L,3,N,FALSE,FALSE,0,0,0
M,3,N,FALSE,FALSE,0,0,0
N,3,N,FALSE,FALSE,0,0,0
O,3,N,FALSE,FALSE,0,0,0
P,3,N,FALSE,FALSE,0,0,0
Q,3,N,FALSE,FALSE,0,0,0
R,3,N,FALSE,FALSE,0,0,0
S,3,N,FALSE,FALSE,0,0,0
T,3,N,FALSE,FALSE,0,0,0
U,3,S,FALSE,FALSE,0,1,Kiln,1.051,1199,0
V,3,S,FALSE,FALSE,0,3,Hearth,1.495,2.819,1201,Kiln,7.991,1237,Hearth,0.901,9.475,1169,0
W,3,N,FALSE,FALSE,0,0,0
X,3,N,FALSE,FALSE,0,0,0
Y,3,N,FALSE,FALSE,0,0,0
Z,3,N,FALSE,FALSE,0,0,0
AA,3,N,FALSE,FALSE,0,0,0
AB,3,N,FALSE,FALSE,0,0,0
AC,3,N,FALSE,FALSE,0,0,0
AD,3,N,FALSE,FALSE,0,0,0
AE,3,N,FALSE,FALSE,0,0,0
AF,3,N,FALSE,FALSE,0,0,0
AG,3,S,FALSE,FALSE,0,1,Kiln,5.978,1197,0
AH,3,S,FALSE,FALSE,0,6,Kiln,6.306,1194,Kiln,2.398,1256,Kiln,7.234,1242,Hearth,3.273,5.516,1237,Kiln,3.495,1192,Hearth,3.403,5.616,1210,0
AI,3,S,FALSE,FALSE,0,2,Hearth,0.921,8.817,1145,Kiln,6.330,1167,0
AJ,3,S,FALSE,FALSE,0,1,Kiln,3.097,1200,0
AK,3,S,FALSE,TRUE,0,2,Hearth,0.223,1.670,1203,Hearth,1.163,4.400,1166,0
AL,3,N,FALSE,TRUE,0,0,0
AM,3,N,FALSE,TRUE,0,0,0
AN,3,N,FALSE,TRUE,0,0,0
AO,3,N,FALSE,TRUE,0,0,0
AP,3,N,FALSE,TRUE,0,0,0
AQ,3,N,FALSE,TRUE,0,0,0
AR,3,N,FALSE,TRUE,0,0,0
AS,3,N,FALSE,TRUE,0,0,0
AT,3,N,FALSE,TRUE,0,0,0
AU,3,N,FALSE,TRUE,0,0,0
AV,3,N,FALSE,TRUE,0,0,0
AW,3,N,FALSE,TRUE,0,0,0
AX,3,N,FALSE,TRUE,0,0,0
AY,3,N,FALSE,TRUE,0,0,0
AZ,3,N,FALSE,TRUE,0,0,0
BA,3,N,FALSE,TRUE,0,0,0
BB,3,N,FALSE,TRUE,0,0,0
BC,3,N,FALSE,TRUE,0,0,0
BD,3,N,FALSE,TRUE,0,0,0
BE,3,N,FALSE,TRUE,0,0,0
BF,3,N,FALSE,TRUE,0,0,0
BG,3,N,FALSE,TRUE,0,0,0
BH,3,N,FALSE,TRUE,0,0,0
BI,3,N,FALSE,TRUE,0,0,0
BJ,3,N,FALSE,TRUE,0,0,0
BK,3,N,FALSE,TRUE,0,0,0
BL,3,N,FALSE,TRUE,0,0,0
BM,3,N,FALSE,TRUE,0,0,0
BN,3,N,FALSE,TRUE,0,0,0
BO,3,N,FALSE,TRUE,0,0,0
BP,3,N,FALSE,TRUE,0,0,0
BQ,3,N,FALSE,TRUE,0,0,0
BR,3,N,FALSE,TRUE,0,0,0
A,4,N,FALSE,FALSE,0,0,0
B,4,N,FALSE,FALSE,0,0,0
C,4,N,FALSE,FALSE,0,0,0
D,4,N,FALSE,FALSE,0,0,0
E,4,N,FALSE,FALSE,0,0,0
F,4,N,FALSE,FALSE,0,0,0
G,4,N,FALSE,FALSE,0,0,0
H,4,N,FALSE,FALSE,0,0,0
I,4,N,FALSE,FALSE,0,0,0
J,4,N,FALSE,FALSE,0,0,0
K,4,N,FALSE,FALSE,0,0,0
L,4,N,FALSE,FALSE,0,0,0
M,4,N,FALSE,FALSE,0,0,0
N,4,N,FALSE,FALSE,0,0,0
O,4,N,FALSE,FALSE,0,0,0
P,4,N,FALSE,FALSE,0,0,0
Q,4,N,FALSE,FALSE,0,0,0
R,4,N,FALSE,FALSE,0,0,0
S,4,N,FALSE,FALSE,0,0,0
T,4,N,FALSE,FALSE,0,0,0
U,4,S,FALSE,FALSE,0,5,Kiln,7.960,1163,Kiln,5.462,1178,Hearth,1.359,5.746,1199,Hearth,1.328,9.702,1225,Kiln,5.877,1236,0
V,4,S,FALSE,FALSE,0,3,Hearth,1.320,0.137,1194,Hearth,4.279,4.180,1195,Kiln,0.644,1245,0
W,4,N,FALSE,FALSE,0,0,0
X,4,N,FALSE,FALSE,0,0,0
Y,4,N,FALSE,FALSE,0,0,0
Z,4,N,FALSE,FALSE,0,0,0
AA,4,N,FALSE,FALSE,0,0,0
AB,4,N,FALSE,FALSE,0,0,0
AC,4,N,FALSE,FALSE,0,0,0
AD,4,N,FALSE,FALSE,0,0,0
AE,4,N,FALSE,FALSE,0,0,0
AF,4,N,FALSE,FALSE,0,0,0
AG,4,N,FALSE,FALSE,0,0,0
AH,4,N,FALSE,FALSE,0,0,0
AI,4,N,FALSE,FALSE,0,0,0
AJ,4,N,FALSE,FALSE,0,0,0
AK,4,N,FALSE,TRUE,0,0,0
AL,4,N,FALSE,TRUE,0,0,0
AM,4,N,FALSE,TRUE,0,0,0
AN,4,N,FALSE,TRUE,0,0,0
AO,4,N,FALSE,TRUE,0,0,0
AP,4,N,FALSE,TRUE,0,0,0
AQ,4,N,FALSE,TRUE,0,0,0
AR,4,N,FALSE,TRUE,0,0,0
AS,4,N,FALSE,TRUE,0,0,0
AT,4,N,FALSE,TRUE,0,0,0
AU,4,N,FALSE,TRUE,0,0,0
AV,4,N,FALSE,TRUE,0,0,0
AW,4,N,FALSE,TRUE,0,0,0
AX,4,N,FALSE,TRUE,0,0,0
AY,4,N,FALSE,TRUE,0,0,0
AZ,4,N,FALSE,TRUE,0,0,0
BA,4,N,FALSE,TRUE,0,0,0
BB,4,N,FALSE,TRUE,0,0,0
BC,4,N,FALSE,TRUE,0,0,0
BD,4,N,FALSE,TRUE,0,0,0
BE,4,N,FALSE,TRUE,0,0,0
BF,4,N,FALSE,TRUE,0,0,0
BG,4,N,FALSE,TRUE,0,0,0
BH,4,N,FALSE,TRUE,0,0,0
BI,4,N,FALSE,TRUE,0,0,0
BJ,4,N,FALSE,TRUE,0,0,0
BK,4,N,FALSE,TRUE,0,0,0
BL,4,N,FALSE,TRUE,0,0,0
BM,4,N,FALSE,TRUE,0,0,0
BN,4,N,FALSE,TRUE,0,0,0
BO,4,N,FALSE,TRUE,0,0,0
BP,4,N,FALSE,TRUE,0,0,0
BQ,4,N,FALSE,TRUE,0,0,0
BR,4,N,FALSE,TRUE,0,0,0
A,5,N,FALSE,FALSE,0,0,0
B,5,N,FALSE,FALSE,0,0,0
C,5,N,FALSE,FALSE,0,0,0
D,5,N,FALSE,FALSE,0,0,0
E,5,N,FALSE,FALSE,0,0,0
F,5,N,FALSE,FALSE,0,0,0
G,5,N,FALSE,FALSE,0,0,0
H,5,N,FALSE,FALSE,0,0,0
I,5,N,FALSE,FALSE,0,0,0
J,5,N,FALSE,FALSE,0,0,0
K,5,N,FALSE,FALSE,0,0,0
L,5,N,FALSE,FALSE,0,0,0
M,5,N,FALSE,FALSE,0,0,0
N,5,N,FALSE,FALSE,0,0,0
O,5,N,FALSE,FALSE,0,0,0
P,5,N,FALSE,FALSE,0,0,0
Q,5,N,FALSE,FALSE,0,0,0
R,5,N,FALSE,FALSE,0,0,0
S,5,N,FALSE,FALSE,0,0,0
T,5,N,FALSE,FALSE,0,0,0
U,5,N,FALSE,FALSE,0,0,0
V,5,N,FALSE,FALSE,0,0,0
W,5,N,FALSE,FALSE,0,0,0
X,5,N,FALSE,FALSE,0,0,0
Y,5,N,FALSE,FALSE,0,0,0
Z,5,N,FALSE,FALSE,0,0,0
AA,5,N,FALSE,FALSE,0,0,0
AB,5,N,FALSE,FALSE,0,0,0
AC,5,N,FALSE,FALSE,0,0,0
AD,5,N,FALSE,FALSE,0,0,0
AE,5,N,FALSE,FALSE,0,0,0
AF,5,N,FALSE,FALSE,0,0,0
AG,5,N,FALSE,FALSE,0,0,0
AH,5,N,FALSE,FALSE,0,0,0
AI,5,N,FALSE,FALSE,0,0,0
AJ,5,S,FALSE,FALSE,0,3,Hearth,3.679,9.121,1192,Kiln,7.803,1161,Hearth,4.636,9.095,1145,0
AK,5,S,FALSE,TRUE,0,6,Kiln,1.066,1146,Kiln,6.098,1218,Hearth,0.859,9.959,1200,Kiln,5.799,1138,Kiln,9.996,1210,Kiln,5.724,1227,0
AL,5,N,FALSE,TRUE,0,0,0
AM,5,N,FALSE,TRUE,0,0,0
AN,5,N,FALSE,TRUE,0,0,0
AO,5,N,FALSE,TRUE,0,0,0
AP,5,N,FALSE,TRUE,0,0,0
AQ,5,N,FALSE,TRUE,0,0,0
AR,5,N,FALSE,TRUE,0,0,0
AS,5,N,FALSE,TRUE,0,0,0
AT,5,N,FALSE,TRUE,0,0,0
AU,5,N,FALSE,TRUE,0,0,0
AV,5,N,FALSE,TRUE,0,0,0
AW,5,N,FALSE,TRUE,0,0,0
AX,5,N,FALSE,TRUE,0,0,0
AY,5,N,FALSE,TRUE,0,0,0
AZ,5,N,FALSE,TRUE,0,0,0
BA,5,N,FALSE,TRUE,0,0,0
BB,5,N,FALSE,TRUE,0,0,0
BC,5,N,FALSE,TRUE,0,0,0
BD,5,N,FALSE,TRUE,0,0,0
BE,5,N,FALSE,TRUE,0,0,0
BF,5,N,FALSE,TRUE,0,0,0
BG,5,N,FALSE,TRUE,0,0,0
BH,5,N,FALSE,TRUE,0,0,0
BI,5,N,FALSE,TRUE,0,0,0
BJ,5,N,FALSE,TRUE,0,0,0
BK,5,N,FALSE,TRUE,0,0,0
BL,5,N,FALSE,TRUE,0,0,0
BM,5,N,FALSE,TRUE,0,0,0
BN,5,N,FALSE,TRUE,0,0,0
BO,5,N,FALSE,TRUE,0,0,0
BP,5,N,FALSE,TRUE,0,0,0
BQ,5,N,FALSE,TRUE,0,0,0
BR,5,N,FALSE,TRUE,0,0,0
A,6,N,FALSE,FALSE,0,0,0
B,6,N,FALSE,FALSE,0,0,0
C,6,N,FALSE,FALSE,0,0,0
D,6,N,FALSE,FALSE,0,0,0
E,6,N,FALSE,FALSE,0,0,0
F,6,N,FALSE,FALSE,0,0,0
G,6,N,FALSE,FALSE,0,0,0
H,6,N,FALSE,FALSE,0,0,0
I,6,N,FALSE,FALSE,0,0,0
J,6,N,FALSE,FALSE,0,0,0
K,6,N,FALSE,FALSE,0,0,0
L,6,N,FALSE,FALSE,0,0,0
M,6,N,FALSE,FALSE,0,0,0
N,6,N,FALSE,FALSE,0,0,0
O,6,N,FALSE,FALSE,0,0,0
P,6,N,FALSE,FALSE,0,0,0
Q,6,N,FALSE,FALSE,0,0,0
R,6,N,FALSE,FALSE,0,0,0
S,6,N,FALSE,FALSE,0,0,0
T,6,N,FALSE,FALSE,0,0,0
U,6,S,FALSE,FALSE,0,5,Hearth,1.207,1.593,1181,Kiln,0.750,1245,Hearth,4.534,6.358,1222,Hearth,2.759,6.176,1167,Kiln,9.133,1219,0
V,6,S,FALSE,FALSE,0,5,Kiln,7.241,1239,Hearth,4.689,7.579,1193,Kiln,7.236,1212,Hearth,0.652,8.888,1216,Kiln,7.829,1242,0
W,6,P,FALSE,FALSE,0,0,3,Non-Ferrous,Gold,1255,Non-Ferrous,Bronze,1220,Ferrous,4,1188
X,6,P,FALSE,FALSE,0,0,1,Ferrous,1,1228
Y,6,P,FALSE,FALSE,0,0,4,Non-Ferrous,Copper,1174,Ferrous,2,1168,Non-Ferrous,Bronze,1193,Ferrous,5,1234
Z,6,P,FALSE,FALSE,0,0,4,Ferrous,4,1165,Non-Ferrous,Copper,1220,Ferrous,2,1169,Non-Ferrous,Copper,1227
AA,6,S,FALSE,FALSE,0,7,Hearth,4.948,5.505,1163,Kiln,6.806,1211,Kiln,9.128,1250,Kiln,6.838,1248,Hearth,0.524,1.938,1233,Hearth,1.779,0.249,1171,Kiln,3.874,1202,0
AB,6,S,FALSE,FALSE,0,2,Kiln,5.509,1257,Kiln,8.737,1192,0
AC,6,S,FALSE,FALSE,0,7,Hearth,1.936,6.325,1262,Hearth,2.394,5.533,1169,Hearth,3.110,8.852,1141,Kiln,0.200,1157,Hearth,1.290,4.077,1239,Kiln,6.848,1151,Hearth,0.515,6.180,1240,0
AD,6,N,FALSE,FALSE,0,0,0
AE,6,N,FALSE,FALSE,0,0,0
AF,6,N,FALSE,FALSE,0,0,0
AG,6,N,FALSE,FALSE,0,0,0
AH,6,N,FALSE,FALSE,0,0,0
AI,6,N,FALSE,FALSE,0,0,0
AJ,6,N,FALSE,FALSE,0,0,0
AK,6,N,FALSE,TRUE,0,0,0
AL,6,N,FALSE,TRUE,0,0,0
AM,6,N,FALSE,TRUE,0,0,0
AN,6,N,FALSE,TRUE,0,0,0
AO,6,N,FALSE,TRUE,0,0,0
AP,6,N,FALSE,TRUE,0,0,0
AQ,6,N,FALSE,TRUE,0,0,0
AR,6,N,FALSE,TRUE,0,0,0
AS,6,N,FALSE,TRUE,0,0,0
AT,6,N,FALSE,TRUE,0,0,0
AU,6,N,FALSE,TRUE,0,0,0
AV,6,N,FALSE,TRUE,0,0,0
AW,6,N,FALSE,TRUE,0,0,0
AX,6,N,FALSE,TRUE,0,0,0
AY,6,N,FALSE,TRUE,0,0,0
AZ,6,N,FALSE,TRUE,0,0,0
BA,6,N,FALSE,TRUE,0,0,0
BB,6,N,FALSE,TRUE,0,0,0
BC,6,N,FALSE,TRUE,0,0,0
BD,6,N,FALSE,TRUE,0,0,0
BE,6,N,FALSE,TRUE,0,0,0
BF,6,N,FALSE,TRUE,0,0,0
BG,6,N,FALSE,TRUE,0,0,0
BH,6,N,FALSE,TRUE,0,0,0
BI,6,N,FALSE,TRUE,0,0,0
BJ,6,N,FALSE,TRUE,0,0,0
BK,6,N,FALSE,TRUE,0,0,0
BL,6,N,FALSE,TRUE,0,0,0
BM,6,N,FALSE,TRUE,0,0,0
BN,6,N,FALSE,TRUE,0,0,0
BO,6,N,FALSE,TRUE,0,0,0
BP,6,N,FALSE,TRUE,0,0,0
BQ,6,N,FALSE,TRUE,0,0,0
BR,6,N,FALSE,TRUE,0,0,0
A,7,N,FALSE,FALSE,0,0,0
B,7,N,FALSE,FALSE,0,0,0
C,7,N,FALSE,FALSE,0,0,0
D,7,N,FALSE,FALSE,0,0,0
E,7,N,FALSE,FALSE,0,0,0
F,7,S,FALSE,FALSE,0,3,Kiln,4.335,1217,Hearth,0.323,8.509,1225,Kiln,3.690,1251,0
G,7,S,FALSE,FALSE,0,5,Hearth,0.521,4.776,1168,Kiln,0.506,1146,Hearth,4.203,3.557,1156,Hearth,4.615,6.542,1163,Hearth,1.683,7.526,1159,0
H,7,S,FALSE,FALSE,0,7,Hearth,3.873,9.861,1169,Kiln,9.032,1226,Kiln,3.870,1152,Kiln,5.301,1245,Kiln,3.022,1147,Hearth,1.388,5.170,1192,Kiln,2.832,1253,0
I,7,S,FALSE,FALSE,0,3,Hearth,1.014,6.392,1140,Kiln,6.002,1192,Kiln,3.430,1214,0
J,7,S,FALSE,FALSE,0,3,Hearth,3.719,6.308,1139,Hearth,4.639,5.921,1213,Kiln,7.994,1139,0
K,7,S,FALSE,FALSE,0,2,Kiln,8.926,1227,Hearth,4.797,6.847,1159,0
L,7,S,FALSE,FALSE,0,3,Hearth,3.973,1.992,1168,Kiln,0.486,1179,Kiln,5.194,1243,0
M,7,S,FALSE,FALSE,0,4,Hearth,4.336,9.210,1174,Kiln,5.413,1223,Kiln,1.341,1220,Kiln,3.893,1257,0
N,7,S,FALSE,FALSE,0,2,Kiln,7.583,1250,Hearth,1.220,7.124,1198,0
O,7,S,FALSE,FALSE,0,7,Kiln,6.806,1240,Hearth,3.807,0.787,1253,Kiln,4.065,1199,Hearth,3.563,1.127,1175,Kiln,3.549,1142,Hearth,1.499,6.200,1141,Kiln,1.504,1227,0
P,7,S,FALSE,FALSE,0,6,Hearth,3.407,8.705,1153,Kiln,9.083,1213,Kiln,9.348,1163,Hearth,2.322,8.107,1172,Kiln,6.558,1233,Hearth,4.310,7.727,1160,0
Q,7,S,FALSE,FALSE,0,5,Kiln,9.994,1157,Kiln,7.353,1232,Hearth,4.641,7.694,1232,Kiln,5.498,1201,Hearth,0.680,2.612,1254,0
R,7,S,FALSE,FALSE,0,7,Hearth,0.673,9.466,1184,Kiln,6.791,1139,Kiln,4.061,1162,Hearth,2.318,1.747,1181,Hearth,4.193,7.143,1180,Kiln,7.000,1150,Hearth,2.070,2.682,1203,0
S,7,S,FALSE,FALSE,0,3,Kiln,7.507,1239,Hearth,0.432,8.500,1159,Hearth,3.368,0.129,1184,0
T,7,N,FALSE,FALSE,0,0,0
U,7,S,FALSE,FALSE,0,1,Kiln,1.976,1192,0
V,7,P,FALSE,FALSE,0,0,6,Non-Ferrous,Copper,1148,Non-Ferrous,Copper,1252,Non-Ferrous,Bronze,1146,Ferrous,4,1173,Ferrous,1,1212,Ferrous,3,1231
W,7,P,FALSE,FALSE,0,0,7,Ferrous,1,1169,Ferrous,3,1226,Non-Ferrous,Bronze,1195,Non-Ferrous,Bronze,1188,Non-Ferrous,Bronze,1256,Ferrous,2,1147,Ferrous,4,1210
X,7,P,FALSE,FALSE,0,0,7,Non-Ferrous,Bronze,1183,Ferrous,5,1161,Non-Ferrous,Copper,1209,Ferrous,2,1223,Ferrous,5,1193,Ferrous,3,1165,Ferrous,4,1227
Y,7,P,FALSE,FALSE,0,0,3,Non-Ferrous,Bronze,1234,Non-Ferrous,Bronze,1194,Non-Ferrous,Bronze,1163
Z,7,P,FALSE,FALSE,0,0,5,Ferrous,3,1256,Ferrous,5,1248,Non-Ferrous,Copper,1181,Ferrous,3,1237,Non-Ferrous,Copper,1236
AA,7,S,FALSE,FALSE,0,5,Kiln,6.324,1253,Hearth,1.783,9.006,1138,Kiln,9.806,1166,Hearth,0.780,2.343,1194,Kiln,6.939,1177,0
AB,7,S,FALSE,FALSE,0,5,Kiln,6.805,1237,Kiln,7.265,1195,Kiln,4.484,1242,Kiln,0.278,1221,Kiln,3.654,1174,0
AC,7,S,FALSE,FALSE,0,1,Kiln,7.376,1178,0
AD,7,N,FALSE,FALSE,0,0,0
AE,7,N,FALSE,FALSE,0,0,0
AF,7,N,FALSE,FALSE,0,0,0
AG,7,N,FALSE,FALSE,0,0,0
AH,7,N,FALSE,FALSE,0,0,0
AI,7,N,FALSE,FALSE,0,0,0
AJ,7,N,FALSE,FALSE,0,0,0
AK,7,N,FALSE,TRUE,0,0,0
AL,7,P,FALSE,TRUE,0,0,7,Ferrous,1,1196,Ferrous,1,1220,Non-Ferrous,Bronze,1159,Ferrous,4,1138,Ferrous,3,1176,Non-Ferrous,Bronze,1230,Non-Ferrous,Bronze,1143
AM,7,P,FALSE,TRUE,0,0,7,Non-Ferrous,Bronze,1168,Non-Ferrous,Bronze,1238,Ferrous,4,1175,Non-Ferrous,Copper,1261,Ferrous,2,1258,Ferrous,4,1145,Ferrous,5,1241
AN,7,P,FALSE,TRUE,0,0,3,Ferrous,5,1223,Ferrous,1,1241,Non-Ferrous,Bronze,1197
AO,7,P,FALSE,TRUE,0,0,1,Non-Ferrous,Copper,1211
AP,7,P,FALSE,TRUE,0,0,7,Ferrous,2,1252,Non-Ferrous,Copper,1253,Ferrous,4,1158,Ferrous,2,1160,Ferrous,5,1175,Ferrous,1,1156,Non-Ferrous,Copper,1206
AQ,7,N,FALSE,TRUE,0,0,0
AR,7,N,FALSE,TRUE,0,0,0
AS,7,N,FALSE,TRUE,0,0,0
AT,7,N,FALSE,TRUE,0,0,0
AU,7,N,FALSE,TRUE,0,0,0
AV,7,N,FALSE,TRUE,0,0,0
AW,7,N,FALSE,TRUE,0,0,0
AX,7,N,FALSE,TRUE,0,0,0
AY,7,S,FALSE,TRUE,0,5,Hearth,0.497,7.609,1149,Kiln,4.849,1194,Kiln,8.640,1213,Kiln,1.334,1245,Hearth,1.577,3.923,1180,0
AZ,7,S,FALSE,TRUE,0,6,Kiln,4.214,1205,Kiln,4.143,1246,Hearth,1.875,6.221,1227,Kiln,6.729,1150,Hearth,2.238,6.513,1186,Hearth,0.557,5.241,1211,0
BA,7,S,FALSE,TRUE,0,7,Kiln,4.114,1233,Kiln,9.642,1245,Hearth,1.960,7.887,1224,Hearth,3.093,3.492,1230,Kiln,3.932,1157,Hearth,3.985,5.098,1206,Hearth,2.475,4.214,1145,0
BB,7,S,FALSE,TRUE,0,7,Kiln,9.673,1148,Kiln,6.008,1252,Hearth,0.482,0.272,1232,Kiln,2.506,1248,Kiln,5.245,1184,Kiln,7.077,1186,Kiln,8.263,1211,0
BC,7,N,FALSE,TRUE,0,0,0
BD,7,N,FALSE,TRUE,0,0,0
BE,7,N,FALSE,TRUE,0,0,0
BF,7,N,FALSE,TRUE,0,0,0
BG,7,N,FALSE,TRUE,0,0,0
BH,7,N,FALSE,TRUE,0,0,0
BI,7,N,FALSE,TRUE,0,0,0
BJ,7,N,FALSE,TRUE,0,0,0
BK,7,N,FALSE,TRUE,0,0,0
BL,7,N,FALSE,TRUE,0,0,0
BM,7,N,FALSE,TRUE,0,0,0
BN,7,N,FALSE,TRUE,0,0,0
BO,7,N,FALSE,TRUE,0,0,0
BP,7,N,FALSE,TRUE,0,0,0
BQ,7,N,FALSE,TRUE,0,0,0
BR,7,N,FALSE,TRUE,0,0,0
A,8,N,FALSE,FALSE,0,0,0
B,8,N,FALSE,FALSE,0,0,0
C,8,N,FALSE,FALSE,0,0,0
D,8,N,FALSE,FALSE,0,0,0
E,8,N,FALSE,FALSE,0,0,0
F,8,S,FALSE,FALSE,0,6,Kiln,3.496,1215,Hearth,3.871,2.655,1245,Kiln,0.834,1199,Kiln,2.527,1244,Kiln,2.669,1260,Kiln,1.038,1153,0
G,8,S,FALSE,FALSE,0,6,Hearth,4.190,7.311,1260,Kiln,7.007,1251,Hearth,0.778,6.532,1247,Hearth,4.691,2.598,1195,Hearth,2.171,9.998,1162,Hearth,0.977,3.232,1237,0
H,8,N,FALSE,FALSE,0,0,0
I,8,N,FALSE,FALSE,0,0,0
J,8,N,FALSE,FALSE,0,0,0
K,8,N,FALSE,FALSE,0,0,0
L,8,S,FALSE,FALSE,0,1,Kiln,8.804,1241,0
M,8,S,FALSE,FALSE,0,5,Kiln,0.725,1214,Hearth,4.545,9.824,1155,Kiln,2.956,1181,Kiln,8.182,1229,Hearth,1.157,3.389,1257,0
N,8,S,FALSE,FALSE,0,2,Hearth,4.458,3.158,1244,Kiln,2.450,1156,0
O,8,S,FALSE,FALSE,0,1,Hearth,1.578,9.826,1243,0
P,8,S,FALSE,FALSE,0,5,Hearth,1.530,2.384,1230,Kiln,3.742,1209,Kiln,9.315,1250,Hearth,2.561,4.975,1236,Hearth,0.995,6.644,1250,0
Q,8,S,FALSE,FALSE,0,5,Hearth,2.338,2.690,1220,Kiln,5.552,1237,Hearth,0.584,2.388,1187,Hearth,4.936,8.505,1214,Kiln,8.755,1226,0
R,8,S,FALSE,FALSE,0,4,Kiln,0.170,1256,Hearth,4.119,9.903,1233,Kiln,5.419,1191,Kiln,9.261,1222,0
S,8,N,FALSE,FALSE,0,0,0
T,8,S,FALSE,FALSE,0,5,Kiln,8.870,1240,Kiln,3.022,1253,Hearth,3.190,2.357,1203,Hearth,3.688,7.960,1151,Hearth,4.024,2.283,1232,0
U,8,S,FALSE,FALSE,0,3,Hearth,1.555,4.012,1200,Kiln,9.095,1161,Hearth,4.988,2.348,1175,0
V,8,S,FALSE,FALSE,0,4,Hearth,4.369,9.024,1191,Hearth,1.900,1.979,1258,Hearth,3.025,0.690,1201,Kiln,0.858,1183,0
W,8,S,FALSE,FALSE,0,5,Hearth,1.709,8.446,1230,Kiln,2.781,1235,Kiln,6.926,1200,Hearth,0.652,7.729,1203,Hearth,1.850,6.868,1246,0
X,8,S,FALSE,FALSE,0,1,Hearth,4.107,7.834,1217,0
Y,8,S,FALSE,FALSE,0,2,Kiln,8.906,1252,Kiln,5.079,1150,0
Z,8,P,FALSE,FALSE,0,0,5,Non-Ferrous,Copper,1201,Ferrous,5,1212,Ferrous,5,1182,Non-Ferrous,Copper,1226,Ferrous,4,1226
AA,8,S,FALSE,FALSE,0,7,Kiln,4.576,1222,Hearth,1.905,6.252,1228,Hearth,4.909,8.612,1243,Hearth,1.902,0.382,1239,Hearth,0.726,2.453,1242,Hearth,4.248,1.257,1207,Hearth,2.682,9.653,1208,0
AB,8,S,FALSE,FALSE,0,2,Kiln,9.853,1164,Hearth,1.627,7.622,1150,0
AC,8,S,FALSE,FALSE,0,4,Kiln,3.298,1212,Hearth,1.946,8.710,1192,Kiln,3.967,1223,Kiln,1.331,1215,0
AD,8,S,FALSE,FALSE,0,2,Hearth,2.583,7.120,1217,Hearth,0.598,8.156,1234,0
AE,8,S,FALSE,FALSE,0,6,Hearth,4.646,2.283,1176,Hearth,2.697,8.026,1246,Hearth,0.082,2.336,1155,Kiln,4.283,1223,Kiln,4.202,1172,Hearth,1.358,0.407,1262,0
AF,8,S,FALSE,FALSE,0,3,Hearth,2.090,1.220,1201,Hearth,1.725,6.337,1253,Kiln,7.232,1178,0
AG,8,S,FALSE,FALSE,0,2,Kiln,8.557,1233,Kiln,2.639,1144,0
AH,8,S,FALSE,FALSE,0,5,Hearth,2.218,0.018,1157,Kiln,7.909,1230,Kiln,7.700,1212,Kiln,3.428,1216,Hearth,3.665,9.472,1242,0
AI,8,S,FALSE,FALSE,0,3,Hearth,4.505,1.601,1218,Kiln,4.816,1242,Hearth,3.189,1.188,1195,0
AJ,8,P,FALSE,FALSE,0,0,5,Non-Ferrous,Copper,1201,Ferrous,1,1164,Ferrous,2,1259,Non-Ferrous,Bronze,1196,Non-Ferrous,Copper,1253
AK,8,P,FALSE,TRUE,0,0,2,Non-Ferrous,Copper,1260,Non-Ferrous,Bronze,1200
AL,8,P,FALSE,TRUE,0,0,2,Ferrous,4,1142,Ferrous,3,1154
AM,8,P,FALSE,TRUE,0,0,1,Ferrous,2,1194
AN,8,P,FALSE,TRUE,0,0,1,Ferrous,3,1184
AO,8,P,FALSE,TRUE,0,0,4,Ferrous,2,1147,Ferrous,4,1251,Non-Ferrous,Bronze,1162,Non-Ferrous,Bronze,1233
AP,8,P,FALSE,TRUE,0,0,1,Non-Ferrous,Bronze,1145
AQ,8,P,FALSE,TRUE,0,0,1,Ferrous,2,1223
AR,8,N,FALSE,TRUE,0,0,0
AS,8,N,FALSE,TRUE,0,0,0
AT,8,N,FALSE,TRUE,0,0,0
AU,8,N,FALSE,TRUE,0,0,0
AV,8,N,FALSE,TRUE,0,0,0
AW,8,N,FALSE,TRUE,0,0,0
AX,8,S,FALSE,TRUE,0,4,Kiln,2.914,1179,Kiln,4.702,1250,Hearth,3.338,6.301,1243,Hearth,3.690,4.929,1240,0
AY,8,S,FALSE,TRUE,0,3,Kiln,8.657,1221,Kiln,3.379,1234,Kiln,1.547,1248,0
AZ,8,S,FALSE,TRUE,0,6,Kiln,8.221,1225,Kiln,0.736,1229,Hearth,3.642,6.174,1253,Hearth,3.554,1.409,1262,Hearth,1.586,5.992,1163,Kiln,7.829,1138,0
BA,8,N,FALSE,TRUE,0,0,0
BB,8,N,FALSE,TRUE,0,0,0
BC,8,N,FALSE,TRUE,0,0,0
BD,8,N,FALSE,TRUE,0,0,0
BE,8,N,FALSE,TRUE,0,0,0
BF,8,N,FALSE,TRUE,0,0,0
BG,8,N,FALSE,TRUE,0,0,0
BH,8,N,FALSE,TRUE,0,0,0
BI,8,N,FALSE,TRUE,0,0,0
BJ,8,N,FALSE,TRUE,0,0,0
BK,8,N,FALSE,TRUE,0,0,0
BL,8,N,FALSE,TRUE,0,0,0
BM,8,N,FALSE,TRUE,0,0,0
BN,8,N,FALSE,TRUE,0,0,0
BO,8,N,FALSE,TRUE,0,0,0
BP,8,N,FALSE,TRUE,0,0,0
BQ,8,N,FALSE,TRUE,0,0,0
BR,8,N,FALSE,TRUE,0,0,0
A,9,N,FALSE,FALSE,0,0,0
B,9,N,FALSE,FALSE,0,0,0
C,9,N,FALSE,FALSE,0,0,0
D,9,N,FALSE,FALSE,0,0,0
E,9,N,FALSE,FALSE,0,0,0
F,9,S,FALSE,FALSE,0,1,Kiln,9.860,1213,0
G,9,S,FALSE,FALSE,0,6,Kiln,9.616,1179,Hearth,3.821,3.697,1189,Hearth,1.645,2.737,1174,Hearth,0.387,3.178,1152,Kiln,7.791,1151,Hearth,3.283,5.916,1172,0
H,9,S,FALSE,FALSE,0,5,Hearth,1.413,6.310,1223,Hearth,0.647,1.548,1163,Kiln,2.259,1256,Kiln,6.119,1197,Hearth,3.373,9.824,1243,0
I,9,N,FALSE,FALSE,0,0,0
J,9,N,FALSE,FALSE,0,0,0
K,9,N,FALSE,FALSE,0,0,0
L,9,S,FALSE,FALSE,0,7,Hearth,4.994,9.781,1216,Kiln,9.938,1231,Kiln,6.468,1214,Hearth,2.296,9.399,1248,Kiln,8.728,1145,Hearth,3.877,7.905,1147,Hearth,0.497,7.232,1214,0
M,9,S,FALSE,FALSE,0,5,Kiln,9.281,1156,Kiln,1.651,1227,Hearth,2.768,1.274,1179,Hearth,4.073,2.103,1246,Hearth,1.723,1.009,1162,0
N,9,S,FALSE,FALSE,0,1,Hearth,2.122,3.796,1171,0
O,9,S,FALSE,FALSE,0,2,Hearth,3.196,2.355,1142,Hearth,2.627,3.842,1198,0
P,9,S,FALSE,FALSE,0,5,Kiln,2.534,1232,Hearth,2.139,2.654,1188,Hearth,2.593,5.688,1184,Kiln,6.258,1243,Hearth,3.059,1.696,1238,0
Q,9,S,FALSE,FALSE,0,4,Hearth,3.722,0.146,1144,Hearth,1.188,8.978,1223,Kiln,9.507,1152,Kiln,6.201,1200,0
R,9,S,FALSE,FALSE,0,1,Hearth,3.823,9.024,1204,0
S,9,N,FALSE,FALSE,0,0,0
T,9,N,FALSE,FALSE,0,0,0
U,9,N,FALSE,FALSE,0,0,0
V,9,S,FALSE,FALSE,0,2,Kiln,1.694,1187,Hearth,2.320,2.975,1212,0
W,9,S,FALSE,FALSE,0,1,Hearth,0.847,2.558,1225,0
X,9,S,FALSE,FALSE,0,2,Kiln,2.119,1152,Hearth,2.931,3.625,1196,0
Y,9,S,FALSE,FALSE,0,7,Kiln,7.292,1206,Kiln,1.570,1161,Hearth,3.318,6.501,1247,Kiln,2.021,1196,Hearth,2.149,3.051,1158,Kiln,5.573,1169,Kiln,2.749,1211,0
Z,9,S,FALSE,FALSE,0,2,Kiln,1.348,1161,Kiln,6.162,1221,0
AA,9,N,FALSE,FALSE,0,0,0
AB,9,N,FALSE,FALSE,0,0,0
AC,9,N,FALSE,FALSE,0,0,0
AD,9,N,FALSE,FALSE,0,0,0
AE,9,N,FALSE,FALSE,0,0,0
AF,9,N,FALSE,FALSE,0,0,0
AG,9,N,FALSE,FALSE,0,0,0
AH,9,N,FALSE,FALSE,0,0,0
AI,9,N,FALSE,FALSE,0,0,0
AJ,9,N,FALSE,FALSE,0,0,0
AK,9,P,FALSE,TRUE,0,0,3,Ferrous,2,1186,Ferrous,5,1182,Non-Ferrous,Copper,1162
AL,9,P,FALSE,TRUE,0,0,3,Ferrous,4,1256,Ferrous,5,1187,Non-Ferrous,Bronze,1185
AM,9,P,FALSE,TRUE,0,0,3,Non-Ferrous,Bronze,1155,Ferrous,3,1214,Ferrous,3,1243
AN,9,P,FALSE,TRUE,0,0,3,Ferrous,5,1194,Ferrous,3,1216,Non-Ferrous,Bronze,1239
AO,9,P,FALSE,TRUE,0,0,1,Ferrous,1,1149
AP,9,P,FALSE,TRUE,0,0,6,Non-Ferrous,Bronze,1208,Ferrous,5,1223,Ferrous,3,1149,Ferrous,2,1189,Ferrous,1,1180,Non-Ferrous,Bronze,1187
AQ,9,N,FALSE,TRUE,0,0,0
AR,9,N,FALSE,TRUE,0,0,0
AS,9,N,FALSE,TRUE,0,0,0
AT,9,N,FALSE,TRUE,0,0,0
AU,9,N,FALSE,TRUE,0,0,0
AV,9,S,FALSE,TRUE,0,6,Kiln,8.375,1143,Kiln,6.382,1170,Kiln,5.429,1246,Hearth,0.549,1.683,1176,Hearth,2.699,5.191,1230,Hearth,4.996,2.288,1139,0
AW,9,S,FALSE,TRUE,0,2,Kiln,5.102,1204,Kiln,0.966,1210,0
AX,9,S,FALSE,TRUE,0,5,Hearth,3.533,9.161,1237,Hearth,3.326,8.553,1215,Hearth,4.396,8.698,1170,Hearth,1.182,9.140,1207,Kiln,7.409,1167,0
AY,9,S,FALSE,TRUE,0,3,Kiln,9.081,1222,Kiln,0.848,1177,Kiln,7.730,1144,0
AZ,9,S,FALSE,TRUE,0,1,Kiln,9.463,1172,0
BA,9,N,FALSE,TRUE,0,0,0
BB,9,N,FALSE,TRUE,0,0,0
BC,9,N,FALSE,TRUE,0,0,0
BD,9,N,FALSE,TRUE,0,0,0
BE,9,N,FALSE,TRUE,0,0,0
BF,9,N,FALSE,TRUE,0,0,0
BG,9,N,FALSE,TRUE,0,0,0
BH,9,N,FALSE,TRUE,0,0,0
BI,9,N,FALSE,TRUE,0,0,0
BJ,9,N,FALSE,TRUE,0,0,0
BK,9,N,FALSE,TRUE,0,0,0
BL,9,N,FALSE,TRUE,0,0,0
BM,9,N,FALSE,TRUE,0,0,0
BN,9,N,FALSE,TRUE,0,0,0
BO,9,N,FALSE,TRUE,0,0,0
BP,9,N,FALSE,TRUE,0,0,0
BQ,9,N,FALSE,TRUE,0,0,0
BR,9,N,FALSE,TRUE,0,0,0
A,10,N,FALSE,FALSE,0,0,0
B,10,N,FALSE,FALSE,0,0,0
C,10,N,FALSE,FALSE,0,0,0
D,10,N,FALSE,FALSE,0,0,0
E,10,N,FALSE,FALSE,0,0,0
F,10,S,FALSE,FALSE,0,5,Hearth,1.726,2.770,1218,Hearth,4.074,2.222,1188,Kiln,8.145,1151,Kiln,7.180,1189,Hearth,4.148,3.463,1238,0
G,10,S,FALSE,FALSE,0,3,Kiln,6.450,1153,Hearth,0.567,0.301,1214,Kiln,2.845,1228,0
H,10,S,FALSE,FALSE,0,4,Hearth,3.811,0.273,1219,Kiln,7.193,1254,Hearth,0.634,3.551,1177,Kiln,0.533,1163,0
I,10,N,FALSE,FALSE,0,0,0
J,10,N,FALSE,FALSE,0,0,0
K,10,N,FALSE,FALSE,0,0,0
L,10,S,FALSE,FALSE,0,1,Hearth,3.587,7.260,1189,0
M,10,S,FALSE,FALSE,0,3,Kiln,5.757,1255,Hearth,1.184,5.626,1206,Kiln,9.293,1204,0
N,10,S,FALSE,FALSE,0,1,Hearth,4.128,7.403,1196,0
O,10,S,FALSE,FALSE,0,2,Hearth,3.021,9.256,1251,Kiln,0.931,1149,0
P,10,S,FALSE,FALSE,0,4,Hearth,4.724,3.553,1252,Kiln,8.691,1164,Hearth,4.596,0.873,1215,Kiln,2.284,1203,0
Q,10,S,FALSE,FALSE,0,2,Hearth,2.378,0.334,1208,Hearth,4.825,0.326,1200,0
R,10,S,FALSE,FALSE,0,5,Kiln,8.161,1199,Hearth,2.297,8.004,1183,Hearth,1.434,0.678,1244,Hearth,0.337,5.456,1168,Kiln,2.520,1145,0
S,10,N,FALSE,FALSE,0,0,0
T,10,N,FALSE,FALSE,0,0,0
U,10,N,FALSE,FALSE,0,0,0
V,10,N,FALSE,FALSE,0,0,0
W,10,N,FALSE,FALSE,0,0,0
X,10,N,FALSE,FALSE,0,0,0
Y,10,N,FALSE,FALSE,0,0,0
Z,10,N,FALSE,FALSE,0,0,0
AA,10,N,FALSE,FALSE,0,0,0
AB,10,N,FALSE,FALSE,0,0,0
AC,10,N,FALSE,FALSE,0,0,0
AD,10,N,FALSE,FALSE,0,0,0
AE,10,N,FALSE,FALSE,0,0,0
AF,10,N,FALSE,FALSE,0,0,0
AG,10,N,FALSE,FALSE,0,0,0
AH,10,N,FALSE,FALSE,0,0,0
AI,10,N,FALSE,FALSE,0,0,0
AJ,10,N,FALSE,FALSE,0,0,0
AK,10,N,FALSE,TRUE,0,0,0
AL,10,N,FALSE,TRUE,0,0,0
AM,10,N,FALSE,TRUE,0,0,0
AN,10,N,FALSE,TRUE,0,0,0
AO,10,N,FALSE,TRUE,0,0,0
AP,10,N,FALSE,TRUE,0,0,0
AQ,10,N,FALSE,TRUE,0,0,0
AR,10,N,FALSE,TRUE,0,0,0
AS,10,N,FALSE,TRUE,0,0,0
AT,10,N,FALSE,TRUE,0,0,0
AU,10,N,FALSE,TRUE,0,0,0
AV,10,S,FALSE,TRUE,0,4,Kiln,0.626,1174,Hearth,1.228,3.313,1222,Hearth,0.563,7.325,1145,Kiln,2.175,1229,0
AW,10,S,FALSE,TRUE,0,7,Hearth,4.820,9.397,1256,Hearth,2.738,8.931,1208,Hearth,1.355,4.354,1182,Hearth,3.980,1.666,1177,Hearth,1.396,0.654,1252,Kiln,0.687,1220,Kiln,1.375,1242,0
AX,10,S,FALSE,TRUE,0,7,Kiln,3.949,1224,Kiln,7.947,1167,Kiln,9.652,1229,Hearth,4.835,4.126,1256,Hearth,0.782,0.854,1253,Hearth,0.889,7.475,1233,Kiln,0.616,1222,0
AY,10,S,FALSE,TRUE,0,5,Kiln,2.275,1149,Hearth,4.380,1.312,1138,Kiln,4.498,1159,Hearth,1.555,5.179,1188,Hearth,2.213,5.959,1172,0
AZ,10,S,FALSE,TRUE,0,4,Hearth,2.260,3.059,1182,Kiln,5.123,1258,Hearth,1.821,0.497,1216,Kiln,0.024,1199,0
BA,10,N,FALSE,TRUE,0,0,0
BB,10,N,FALSE,TRUE,0,0,0
BC,10,N,FALSE,TRUE,0,0,0
BD,10,N,FALSE,TRUE,0,0,0
BE,10,N,FALSE,TRUE,0,0,0
BF,10,N,FALSE,TRUE,0,0,0
BG,10,N,FALSE,TRUE,0,0,0
BH,10,N,FALSE,TRUE,0,0,0
BI,10,N,FALSE,TRUE,0,0,0
BJ,10,N,FALSE,TRUE,0,0,0
BK,10,N,FALSE,TRUE,0,0,0
BL,10,N,FALSE,TRUE,0,0,0
BM,10,N,FALSE,TRUE,0,0,0
BN,10,N,FALSE,TRUE,0,0,0
BO,10,N,FALSE,TRUE,0,0,0
BP,10,N,FALSE,TRUE,0,0,0
BQ,10,N,FALSE,TRUE,0,0,0
BR,10,N,FALSE,TRUE,0,0,0
A,11,N,FALSE,FALSE,0,0,0
B,11,N,FALSE,FALSE,0,0,0
C,11,N,FALSE,FALSE,0,0,0
D,11,N,FALSE,FALSE,0,0,0
E,11,S,FALSE,FALSE,0,1,Hearth,1.452,9.867,1184,0
F,11,S,FALSE,FALSE,0,4,Kiln,2.182,1218,Hearth,1.656,3.720,1196,Kiln,9.609,1237,Kiln,1.579,1161,0
G,11,S,FALSE,FALSE,0,2,Kiln,4.984,1252,Hearth,0.282,9.072,1159,0
H,11,S,FALSE,FALSE,0,6,Hearth,2.389,3.138,1180,Hearth,2.906,4.252,1221,Kiln,3.630,1171,Kiln,6.012,1183,Hearth,2.360,6.229,1140,Hearth,2.333,0.590,1245,0
I,11,S,FALSE,FALSE,0,5,Kiln,1.806,1143,Hearth,0.857,1.952,1187,Hearth,0.807,0.074,1211,Kiln,7.858,1252,Kiln,1.033,1220,0
J,11,N,FALSE,FALSE,0,0,0
K,11,N,FALSE,FALSE,0,0,0
L,11,N,FALSE,FALSE,0,0,0
M,11,N,FALSE,FALSE,0,0,0
N,11,N,FALSE,FALSE,0,0,0
O,11,N,FALSE,FALSE,0,0,0
P,11,N,FALSE,FALSE,0,0,0
Q,11,N,FALSE,FALSE,0,0,0
R,11,N,FALSE,FALSE,0,0,0
S,11,N,FALSE,FALSE,0,0,0
T,11,N,FALSE,FALSE,0,0,0
U,11,N,FALSE,FALSE,0,0,0
V,11,N,FALSE,FALSE,0,0,0
W,11,N,FALSE,FALSE,0,0,0
X,11,N,FALSE,FALSE,0,0,0
Y,11,N,FALSE,FALSE,0,0,0
Z,11,N,FALSE,FALSE,0,0,0
AA,11,N,FALSE,FALSE,0,0,0
AB,11,N,FALSE,FALSE,0,0,0
AC,11,N,FALSE,FALSE,0,0,0
AD,11,N,FALSE,FALSE,0,0,0
AE,11,N,FALSE,FALSE,0,0,0
AF,11,N,FALSE,FALSE,0,0,0
AG,11,N,FALSE,FALSE,0,0,0
AH,11,N,FALSE,FALSE,0,0,0
AI,11,N,FALSE,FALSE,0,0,0
AJ,11,N,FALSE,FALSE,0,0,0
AK,11,N,FALSE,TRUE,0,0,0
AL,11,N,FALSE,TRUE,0,0,0
AM,11,N,FALSE,TRUE,0,0,0
AN,11,N,FALSE,TRUE,0,0,0
AO,11,N,FALSE,TRUE,0,0,0
AP,11,N,FALSE,TRUE,0,0,0
AQ,11,N,FALSE,TRUE,0,0,0
AR,11,S,FALSE,TRUE,0,6,Kiln,8.041,1237,Kiln,2.131,1221,Hearth,3.961,9.005,1155,Kiln,5.349,1235,Hearth,2.420,9.914,1158,Hearth,2.694,2.710,1146,0
AS,11,S,FALSE,TRUE,0,2,Kiln,3.827,1179,Kiln,1.208,1244,0
AT,11,S,FALSE,TRUE,0,1,Hearth,0.108,1.856,1244,0
AU,11,S,FALSE,TRUE,0,7,Hearth,2.055,3.965,1178,Kiln,1.299,1214,Kiln,6.633,1254,Kiln,2.782,1168,Hearth,0.232,0.424,1139,Kiln,6.870,1193,Hearth,2.855,4.724,1165,0
AV,11,S,FALSE,TRUE,0,5,Hearth,3.654,4.336,1206,Hearth,1.764,1.315,1245,Kiln,8.609,1155,Kiln,0.136,1236,Hearth,0.006,4.011,1154,0
AW,11,S,FALSE,TRUE,0,7,Hearth,1.761,6.526,1150,Hearth,0.446,5.689,1142,Hearth,2.812,8.313,1237,Hearth,0.131,1.435,1225,Hearth,0.592,0.300,1201,Kiln,4.425,1215,Hearth,1.132,5.528,1164,0
AX,11,S,FALSE,TRUE,0,6,Hearth,3.095,1.486,1255,Hearth,2.895,7.891,1249,Kiln,5.223,1151,Kiln,9.271,1199,Hearth,3.701,2.015,1259,Hearth,3.804,5.636,1152,0
AY,11,S,FALSE,TRUE,0,4,Hearth,0.849,0.714,1211,Hearth,0.970,6.759,1248,Kiln,6.886,1203,Hearth,1.810,1.973,1240,0
AZ,11,S,FALSE,TRUE,0,3,Kiln,5.562,1235,Kiln,1.631,1256,Hearth,1.089,7.587,1238,0
BA,11,N,FALSE,TRUE,0,0,0
BB,11,N,FALSE,TRUE,0,0,0
BC,11,N,FALSE,TRUE,0,0,0
BD,11,N,FALSE,TRUE,0,0,0
BE,11,N,FALSE,TRUE,0,0,0
BF,11,N,FALSE,TRUE,0,0,0
BG,11,N,FALSE,TRUE,0,0,0
BH,11,N,FALSE,TRUE,0,0,0
BI,11,N,FALSE,TRUE,0,0,0
BJ,11,N,FALSE,TRUE,0,0,0
BK,11,N,FALSE,TRUE,0,0,0
BL,11,N,FALSE,TRUE,0,0,0
BM,11,N,FALSE,TRUE,0,0,0
BN,11,N,FALSE,TRUE,0,0,0
BO,11,N,FALSE,TRUE,0,0,0
BP,11,N,FALSE,TRUE,0,0,0
BQ,11,N,FALSE,TRUE,0,0,0
BR,11,N,FALSE,TRUE,0,0,0
A,12,N,FALSE,FALSE,0,0,0
B,12,N,FALSE,FALSE,0,0,0
C,12,N,FALSE,FALSE,0,0,0
D,12,N,FALSE,FALSE,0,0,0
E,12,S,FALSE,FALSE,0,7,Hearth,4.125,2.891,1210,Kiln,9.450,1209,Hearth,1.743,9.276,1239,Hearth,4.362,3.096,1237,Hearth,4.985,9.493,1203,Hearth,4.512,0.222,1242,Kiln,2.275,1202,0
F,12,S,FALSE,FALSE,0,5,Hearth,3.061,1.747,1200,Hearth,0.014,9.973,1159,Kiln,1.008,1239,Kiln,5.049,1258,Kiln,6.903,1195,0
G,12,S,FALSE,FALSE,0,2,Kiln,1.385,1225,Hearth,2.406,9.320,1150,0
H,12,S,FALSE,FALSE,0,6,Kiln,0.723,1187,Hearth,2.990,8.025,1251,Kiln,2.763,1195,Kiln,3.018,1168,Hearth,2.433,3.355,1149,Hearth,1.039,9.552,1218,0
I,12,S,FALSE,FALSE,0,5,Kiln,4.263,1178,Hearth,2.299,0.336,1182,Kiln,2.144,1140,Hearth,4.669,3.145,1160,Hearth,2.534,1.151,1167,0
J,12,S,FALSE,FALSE,0,4,Hearth,4.734,4.253,1228,Kiln,9.478,1158,Kiln,0.985,1184,Hearth,0.010,2.799,1253,0
K,12,N,FALSE,FALSE,0,0,0
L,12,N,FALSE,FALSE,0,0,0
M,12,N,FALSE,FALSE,0,0,0
N,12,N,FALSE,FALSE,0,0,0
O,12,N,FALSE,FALSE,0,0,0
P,12,N,FALSE,FALSE,0,0,0
Q,12,N,FALSE,FALSE,0,0,0
R,12,N,FALSE,FALSE,0,0,0
S,12,N,FALSE,FALSE,0,0,0
T,12,N,FALSE,FALSE,0,0,0
U,12,N,FALSE,FALSE,0,0,0
V,12,N,FALSE,FALSE,0,0,0
W,12,N,FALSE,FALSE,0,0,0
X,12,N,FALSE,FALSE,0,0,0
Y,12,S,FALSE,FALSE,0,5,Kiln,6.146,1203,Kiln,5.322,1198,Kiln,8.318,1162,Hearth,1.530,8.085,1228,Hearth,2.491,3.552,1236,0
Z,12,S,FALSE,FALSE,0,1,Kiln,5.709,1184,0
AA,12,S,FALSE,FALSE,0,7,Hearth,0.288,5.785,1255,Hearth,2.968,5.151,1159,Hearth,2.880,8.402,1148,Kiln,1.505,1148,Hearth,0.891,5.556,1145,Hearth,4.387,6.814,1164,Kiln,2.801,1240,0
AB,12,S,FALSE,FALSE,0,5,Hearth,4.264,6.288,1231,Hearth,0.997,9.287,1183,Kiln,9.110,1142,Hearth,1.213,9.105,1247,Kiln,4.866,1160,0
AC,12,S,FALSE,FALSE,0,7,Kiln,3.583,1210,Hearth,2.752,6.247,1245,Kiln,2.729,1218,Hearth,2.532,6.411,1246,Hearth,0.349,9.626,1172,Kiln,2.168,1147,Kiln,0.101,1256,0
AD,12,S,FALSE,FALSE,0,5,Kiln,3.930,1211,Hearth,2.961,8.721,1181,Hearth,1.526,5.012,1155,Hearth,0.562,2.793,1220,Kiln,0.758,1160,0
AE,12,S,FALSE,FALSE,0,4,Kiln,3.138,1193,Hearth,1.147,9.060,1157,Hearth,0.808,8.938,1187,Hearth,4.937,7.511,1230,0
AF,12,S,FALSE,FALSE,0,4,Kiln,2.499,1168,Kiln,3.351,1232,Kiln,0.388,1181,Hearth,0.943,1.582,1165,0
AG,12,S,FALSE,FALSE,0,3,Kiln,6.491,1151,Hearth,3.723,7.361,1256,Hearth,2.457,1.293,1143,0
AH,12,S,FALSE,FALSE,0,1,Kiln,5.003,1165,0
AI,12,N,FALSE,FALSE,0,0,0
AJ,12,N,FALSE,FALSE,0,0,0
AK,12,N,FALSE,TRUE,0,0,0
AL,12,N,FALSE,TRUE,0,0,0
AM,12,N,FALSE,TRUE,0,0,0
AN,12,N,FALSE,TRUE,0,0,0
AO,12,N,FALSE,TRUE,0,0,0
AP,12,N,FALSE,TRUE,0,0,0
AQ,12,N,FALSE,TRUE,0,0,0
AR,12,S,FALSE,TRUE,0,1,Kiln,1.396,1179,0
AS,12,S,FALSE,TRUE,0,5,Hearth,3.482,9.168,1161,Kiln,8.550,1252,Kiln,9.428,1178,Hearth,0.498,6.660,1164,Kiln,6.465,1192,0
AT,12,S,FALSE,TRUE,0,5,Hearth,3.009,2.365,1211,Kiln,0.328,1252,Kiln,4.807,1155,Hearth,3.360,5.691,1141,Hearth,4.941,9.600,1173,0
AU,12,S,FALSE,TRUE,0,5,Hearth,3.299,6.756,1230,Kiln,9.266,1142,Kiln,6.292,1201,Hearth,4.613,1.269,1260,Kiln,8.183,1226,0
AV,12,S,FALSE,TRUE,0,2,Kiln,6.925,1230,Hearth,0.439,5.296,1255,0
AW,12,N,FALSE,TRUE,0,0,0
AX,12,N,FALSE,TRUE,0,0,0
AY,12,N,FALSE,TRUE,0,0,0
AZ,12,N,FALSE,TRUE,0,0,0
BA,12,N,FALSE,TRUE,0,0,0
BB,12,N,FALSE,TRUE,0,0,0
BC,12,N,FALSE,TRUE,0,0,0
BD,12,N,FALSE,TRUE,0,0,0
BE,12,N,FALSE,TRUE,0,0,0
BF,12,N,FALSE,TRUE,0,0,0
BG,12,N,FALSE,TRUE,0,0,0
BH,12,N,FALSE,TRUE,0,0,0
BI,12,N,FALSE,TRUE,0,0,0
BJ,12,N,FALSE,TRUE,0,0,0
BK,12,N,FALSE,TRUE,0,0,0
BL,12,N,FALSE,TRUE,0,0,0
BM,12,N,FALSE,TRUE,0,0,0
BN,12,N,FALSE,TRUE,0,0,0
BO,12,N,FALSE,TRUE,0,0,0
BP,12,N,FALSE,TRUE,0,0,0
BQ,12,N,FALSE,TRUE,0,0,0
BR,12,N,FALSE,TRUE,0,0,0
A,13,N,FALSE,FALSE,0,0,0
B,13,N,FALSE,FALSE,0,0,0
C,13,N,FALSE,FALSE,0,0,0
D,13,S,FALSE,FALSE,0,6,Kiln,6.044,1244,Kiln,1.934,1256,Kiln,1.506,1213,Kiln,1.814,1240,Kiln,3.450,1217,Hearth,4.002,4.248,1261,0
E,13,S,FALSE,FALSE,0,1,Kiln,2.003,1160,0
F,13,S,FALSE,FALSE,0,1,Kiln,2.982,1197,0
G,13,S,FALSE,FALSE,0,6,Kiln,3.809,1249,Hearth,3.499,8.468,1225,Kiln,6.223,1143,Kiln,3.011,1197,Kiln,9.309,1241,Kiln,9.299,1187,0
H,13,S,FALSE,FALSE,0,4,Hearth,4.420,0.597,1142,Hearth,4.410,7.543,1187,Hearth,2.358,4.157,1174,Hearth,4.077,3.355,1244,0
I,13,N,FALSE,FALSE,0,0,0
J,13,N,FALSE,FALSE,0,0,0
K,13,N,FALSE,FALSE,0,0,0
L,13,N,FALSE,FALSE,0,0,0
M,13,N,FALSE,FALSE,0,0,0
N,13,N,FALSE,FALSE,0,0,0
O,13,N,FALSE,FALSE,0,0,0
P,13,N,FALSE,FALSE,0,0,0
Q,13,N,FALSE,FALSE,0,0,0
R,13,N,FALSE,FALSE,0,0,0
S,13,N,FALSE,FALSE,0,0,0
T,13,N,FALSE,FALSE,0,0,0
U,13,N,FALSE,FALSE,0,0,0
V,13,N,FALSE,FALSE,0,0,0
W,13,N,FALSE,FALSE,0,0,0
X,13,N,FALSE,FALSE,0,0,0
Y,13,S,FALSE,FALSE,2,Submerged,18,1245,Decorated,Priest,1222,0,0
Z,13,S,FALSE,FALSE,4,Decorated,Sun,1150,Storage,0.955,1213,Decorated,Priest,1227,Submerged,8,1152,0,0
AA,13,S,FALSE,FALSE,3,Submerged,16,1195,Decorated,Underworld,1195,Decorated,Priest,1249,0,0
AB,13,S,FALSE,FALSE,6,Storage,2.567,1233,Submerged,24,1207,Storage,0.761,1223,Submerged,28,1173,Decorated,Jaguar,1214,Submerged,4,1183,0,0
AC,13,S,FALSE,FALSE,2,Submerged,27,1210,Submerged,5,1172,0,0
AD,13,S,FALSE,FALSE,1,Decorated,Underworld,1248,0,0
AE,13,S,FALSE,FALSE,7,Decorated,Priest,1181,Storage,3.490,1241,Decorated,Priest,1236,Storage,4.703,1256,Storage,5.760,1232,Submerged,12,1221,Storage,0.085,1158,0,0
AF,13,S,FALSE,FALSE,1,Storage,1.328,1140,0,0
AG,13,S,FALSE,FALSE,3,Storage,2.380,1164,Storage,6.939,1179,Decorated,Serpent,1143,0,0
AH,13,S,FALSE,FALSE,5,Storage,3.576,1193,Storage,1.098,1244,Submerged,29,1202,Storage,6.636,1181,Decorated,Serpent,1203,0,0
AI,13,S,FALSE,FALSE,0,6,Kiln,8.686,1157,Hearth,3.141,8.168,1247,Kiln,9.894,1219,Kiln,9.546,1200,Hearth,4.649,6.339,1176,Hearth,0.564,6.027,1209,0
AJ,13,N,FALSE,FALSE,0,0,0
AK,13,N,FALSE,TRUE,0,0,0
AL,13,N,FALSE,TRUE,0,0,0
AM,13,N,FALSE,TRUE,0,0,0
AN,13,N,FALSE,TRUE,0,0,0
AO,13,N,FALSE,TRUE,0,0,0
AP,13,N,FALSE,TRUE,0,0,0
AQ,13,N,FALSE,TRUE,0,0,0
AR,13,S,FALSE,TRUE,0,4,Hearth,3.622,8.471,1200,Hearth,4.619,5.077,1247,Kiln,5.898,1253,Hearth,2.786,7.331,1259,0
AS,13,S,FALSE,TRUE,0,1,Hearth,4.654,1.248,1154,0
AT,13,S,FALSE,TRUE,0,6,Kiln,3.501,1251,Kiln,5.232,1199,Hearth,0.643,7.162,1259,Hearth,2.061,5.889,1207,Hearth,4.947,1.621,1220,Hearth,1.377,2.370,1257,0
AU,13,S,FALSE,TRUE,0,1,Kiln,8.738,1261,0
AV,13,S,FALSE,TRUE,0,3,Kiln,8.352,1202,Hearth,2.017,8.757,1260,Kiln,6.336,1219,0
AW,13,N,FALSE,TRUE,0,0,0
AX,13,N,FALSE,TRUE,0,0,0
AY,13,N,FALSE,TRUE,0,0,0
AZ,13,N,FALSE,TRUE,0,0,0
BA,13,N,FALSE,TRUE,0,0,0
BB,13,N,FALSE,TRUE,0,0,0
BC,13,N,FALSE,TRUE,0,0,0
BD,13,N,FALSE,TRUE,0,0,0
BE,13,N,FALSE,TRUE,0,0,0
BF,13,N,FALSE,TRUE,0,0,0
BG,13,N,FALSE,TRUE,0,0,0
BH,13,N,FALSE,TRUE,0,0,0
BI,13,N,FALSE,TRUE,0,0,0
BJ,13,N,FALSE,TRUE,0,0,0
BK,13,N,FALSE,TRUE,0,0,0
BL,13,N,FALSE,TRUE,0,0,0
BM,13,N,FALSE,TRUE,0,0,0
BN,13,N,FALSE,TRUE,0,0,0
BO,13,N,FALSE,TRUE,0,0,0
BP,13,N,FALSE,TRUE,0,0,0
BQ,13,N,FALSE,TRUE,0,0,0
BR,13,N,FALSE,TRUE,0,0,0
A,14,N,FALSE,FALSE,0,0,0
B,14,N,FALSE,FALSE,0,0,0
C,14,N,FALSE,FALSE,0,0,0
D,14,N,FALSE,FALSE,0,0,0
E,14,S,FALSE,FALSE,0,7,Hearth,3.077,3.949,1145,Kiln,2.344,1234,Hearth,4.323,3.908,1213,Kiln,9.929,1144,Hearth,2.946,3.033,1200,Kiln,5.839,1245,Hearth,3.365,0.213,1178,0
F,14,S,FALSE,FALSE,0,5,Hearth,0.147,7.247,1168,Hearth,1.931,9.754,1156,Kiln,5.274,1142,Kiln,6.199,1176,Kiln,5.598,1170,0
G,14,S,FALSE,FALSE,0,3,Kiln,0.323,1226,Kiln,7.525,1185,Kiln,2.146,1246,0
H,14,S,FALSE,FALSE,0,5,Hearth,1.956,7.996,1148,Kiln,7.286,1230,Kiln,2.797,1201,Kiln,7.881,1141,Kiln,2.546,1243,0
I,14,N,FALSE,FALSE,0,0,0
J,14,N,FALSE,FALSE,0,0,0
K,14,N,FALSE,FALSE,0,0,0
L,14,N,FALSE,FALSE,0,0,0
M,14,N,FALSE,FALSE,0,0,0
N,14,N,FALSE,FALSE,0,0,0
O,14,S,FALSE,FALSE,0,4,Hearth,0.769,7.925,1262,Kiln,6.011,1139,Hearth,4.637,5.410,1196,Kiln,3.516,1192,0
P,14,S,FALSE,FALSE,0,4,Kiln,9.136,1260,Kiln,9.364,1247,Hearth,2.338,3.513,1188,Kiln,4.807,1214,0
Q,14,S,FALSE,FALSE,0,6,Hearth,3.776,9.344,1173,Kiln,0.117,1220,Hearth,3.216,2.056,1251,Hearth,0.157,3.153,1175,Kiln,3.862,1248,Hearth,1.331,1.699,1192,0
R,14,N,FALSE,FALSE,0,0,0
S,14,N,FALSE,FALSE,0,0,0
T,14,N,FALSE,FALSE,0,0,0
U,14,N,FALSE,FALSE,0,0,0
V,14,N,FALSE,FALSE,0,0,0
W,14,N,FALSE,FALSE,0,0,0
X,14,N,FALSE,FALSE,0,0,0
Y,14,S,FALSE,FALSE,3,Storage,2.080,1233,Storage,9.638,1216,Decorated,Sun,1161,0,0
Z,14,S,FALSE,FALSE,4,Submerged,9,1198,Decorated,Turtle,1217,Submerged,3,1171,Decorated,Turtle,1166,0,0
AA,14,S,FALSE,FALSE,5,Submerged,27,1188,Storage,8.422,1196,Decorated,Underworld,1253,Storage,6.263,1218,Decorated,Moon,1148,0,0
AB,14,S,FALSE,FALSE,7,Storage,6.125,1200,Submerged,21,1226,Submerged,16,1207,Storage,7.011,1207,Submerged,9,1197,Submerged,4,1182,Storage,6.821,1222,0,0
AC,14,S,FALSE,FALSE,3,Decorated,Serpent,1187,Submerged,12,1138,Decorated,Prince,1262,0,0
AD,14,S,FALSE,FALSE,6,Decorated,Glyphs,1237,Submerged,15,1248,Decorated,Jaguar,1199,Storage,6.762,1228,Submerged,25,1152,Storage,6.150,1204,0,0
AE,14,S,FALSE,FALSE,6,Decorated,Jaguar,1241,Decorated,Serpent,1204,Submerged,25,1238,Storage,8.539,1252,Decorated,Skull,1177,Decorated,Turtle,1223,0,0
AF,14,S,FALSE,FALSE,5,Submerged,5,1155,Decorated,Priest,1140,Submerged,17,1231,Decorated,Glyphs,1168,Storage,6.988,1140,0,0
AG,14,S,FALSE,FALSE,6,Decorated,Priest,1158,Submerged,14,1258,Submerged,13,1182,Decorated,Glyphs,1202,Storage,2.009,1141,Decorated,Sun,1184,0,0
AH,14,S,FALSE,FALSE,4,Submerged,7,1210,Submerged,29,1159,Storage,6.509,1184,Submerged,14,1214,0,0
AI,14,S,FALSE,FALSE,0,5,Hearth,4.593,0.370,1262,Kiln,1.696,1149,Hearth,0.540,0.859,1257,Kiln,9.353,1186,Kiln,8.893,1162,0
AJ,14,N,FALSE,FALSE,0,0,0
AK,14,N,FALSE,TRUE,0,0,0
AL,14,N,FALSE,TRUE,0,0,0
AM,14,N,FALSE,TRUE,0,0,0
AN,14,N,FALSE,TRUE,0,0,0
AO,14,N,FALSE,TRUE,0,0,0
AP,14,N,FALSE,TRUE,0,0,0
AQ,14,N,FALSE,TRUE,0,0,0
AR,14,S,FALSE,TRUE,0,4,Kiln,9.033,1187,Hearth,2.122,9.285,1140,Kiln,2.070,1208,Kiln,9.347,1262,0
AS,14,S,FALSE,TRUE,0,6,Hearth,0.512,0.256,1212,Kiln,7.282,1164,Hearth,0.791,0.112,1198,Hearth,1.367,4.265,1174,Kiln,4.149,1152,Hearth,0.899,1.267,1159,0
AT,14,S,FALSE,TRUE,0,7,Kiln,8.489,1192,Hearth,4.984,1.803,1253,Kiln,4.320,1196,Kiln,3.126,1219,Hearth,4.932,8.586,1220,Hearth,1.638,8.683,1168,Kiln,3.874,1249,0
AU,14,S,FALSE,TRUE,0,3,Hearth,0.322,3.791,1171,Kiln,8.057,1257,Hearth,1.374,8.518,1154,0
AV,14,S,FALSE,TRUE,0,1,Kiln,7.527,1225,0
AW,14,N,FALSE,TRUE,0,0,0
AX,14,N,FALSE,TRUE,0,0,0
AY,14,N,FALSE,TRUE,0,0,0
AZ,14,N,FALSE,TRUE,0,0,0
BA,14,N,FALSE,TRUE,0,0,0
BB,14,N,FALSE,TRUE,0,0,0
BC,14,N,FALSE,TRUE,0,0,0
BD,14,N,FALSE,TRUE,0,0,0
BE,14,N,FALSE,TRUE,0,0,0
BF,14,N,FALSE,TRUE,0,0,0
BG,14,N,FALSE,TRUE,0,0,0
BH,14,N,FALSE,TRUE,0,0,0
BI,14,N,FALSE,TRUE,0,0,0
BJ,14,N,FALSE,TRUE,0,0,0
BK,14,N,FALSE,TRUE,0,0,0
BL,14,N,FALSE,TRUE,0,0,0
BM,14,N,FALSE,TRUE,0,0,0
BN,14,N,FALSE,TRUE,0,0,0
BO,14,N,FALSE,TRUE,0,0,0
BP,14,N,FALSE,TRUE,0,0,0
BQ,14,N,FALSE,TRUE,0,0,0
BR,14,N,FALSE,TRUE,0,0,0
A,15,N,FALSE,FALSE,0,0,0
B,15,N,FALSE,FALSE,0,0,0
C,15,N,FALSE,FALSE,0,0,0
D,15,N,FALSE,FALSE,0,0,0
E,15,S,FALSE,FALSE,0,1,Hearth,4.951,6.651,1163,0
F,15,S,FALSE,FALSE,0,4,Kiln,6.770,1245,Hearth,2.557,2.719,1224,Hearth,1.460,9.815,1207,Kiln,4.935,1151,0
G,15,S,FALSE,FALSE,0,2,Kiln,5.288,1190,Hearth,2.261,5.444,1174,0
H,15,S,FALSE,FALSE,0,2,Hearth,4.526,4.505,1159,Hearth,1.049,6.269,1159,0
I,15,S,FALSE,FALSE,0,6,Kiln,9.731,1232,Kiln,8.738,1251,Hearth,0.463,7.188,1240,Kiln,2.578,1140,Kiln,7.384,1177,Hearth,3.032,7.493,1200,0
J,15,N,FALSE,FALSE,0,0,0
K,15,N,FALSE,FALSE,0,0,0
L,15,N,FALSE,FALSE,0,0,0
M,15,N,FALSE,FALSE,0,0,0
N,15,S,FALSE,FALSE,0,7,Kiln,8.863,1189,Kiln,6.263,1165,Hearth,2.924,7.247,1242,Kiln,6.842,1157,Hearth,3.470,0.774,1248,Hearth,1.352,6.544,1243,Kiln,6.376,1196,0
O,15,S,FALSE,FALSE,0,5,Kiln,2.612,1211,Hearth,1.247,5.505,1160,Kiln,8.481,1253,Kiln,9.940,1188,Hearth,3.394,5.546,1139,0
P,15,S,FALSE,FALSE,0,6,Kiln,8.797,1244,Hearth,3.858,4.138,1231,Kiln,5.919,1213,Hearth,0.995,9.064,1200,Kiln,8.556,1157,Kiln,6.107,1200,0
Q,15,S,FALSE,FALSE,0,1,Kiln,7.476,1143,0
R,15,N,FALSE,FALSE,0,0,0
S,15,N,FALSE,FALSE,0,0,0
T,15,N,FALSE,FALSE,0,0,0
U,15,N,FALSE,FALSE,0,0,0
V,15,N,FALSE,FALSE,0,0,0
W,15,N,FALSE,FALSE,0,0,0
X,15,S,FALSE,FALSE,5,Submerged,3,1234,Storage,6.866,1150,Storage,7.235,1193,Decorated,Sun,1234,Storage,0.542,1191,0,0
Y,15,S,FALSE,FALSE,1,Decorated,Moon,1194,0,0
Z,15,S,FALSE,FALSE,1,Decorated,Glyphs,1150,0,0
AA,15,S,FALSE,FALSE,5,Submerged,1,1236,Decorated,Turtle,1162,Decorated,Skull,1156,Storage,9.339,1224,Submerged,30,1160,0,0
AB,15,S,FALSE,FALSE,4,Submerged,10,1189,Decorated,Underworld,1248,Storage,4.399,1236,Storage,0.348,1140,0,0
AC,15,S,FALSE,FALSE,5,Decorated,Prince,1219,Submerged,10,1261,Submerged,28,1169,Storage,8.726,1216,Submerged,20,1197,0,0
AD,15,S,FALSE,FALSE,6,Storage,9.182,1210,Storage,3.530,1226,Storage,0.259,1254,Decorated,Priest,1170,Decorated,Priest,1171,Storage,8.735,1154,0,0
AE,15,S,FALSE,FALSE,6,Storage,0.425,1138,Storage,2.696,1161,Storage,8.688,1246,Submerged,19,1254,Decorated,Underworld,1143,Storage,2.460,1185,0,0
AF,15,S,FALSE,FALSE,2,Storage,8.931,1230,Storage,4.480,1252,0,0
AG,15,S,FALSE,FALSE,5,Submerged,1,1187,Submerged,22,1203,Storage,9.251,1217,Decorated,Serpent,1203,Decorated,Underworld,1159,0,0
AH,15,S,FALSE,FALSE,4,Storage,6.402,1192,Submerged,17,1159,Decorated,Glyphs,1156,Decorated,Serpent,1229,0,0
AI,15,S,FALSE,FALSE,0,1,Kiln,8.628,1175,0
AJ,15,N,FALSE,FALSE,0,0,0
AK,15,N,FALSE,TRUE,0,0,0
AL,15,N,FALSE,TRUE,0,0,0
AM,15,N,FALSE,TRUE,0,0,0
AN,15,N,FALSE,TRUE,0,0,0
AO,15,N,FALSE,TRUE,0,0,0
AP,15,N,FALSE,TRUE,0,0,0
AQ,15,N,FALSE,TRUE,0,0,0
AR,15,S,FALSE,TRUE,0,3,Hearth,3.230,9.149,1251,Kiln,4.679,1139,Hearth,2.747,2.872,1169,0
AS,15,S,FALSE,TRUE,0,4,Hearth,1.737,8.424,1183,Kiln,2.167,1182,Hearth,2.160,2.550,1236,Kiln,1.234,1195,0
AT,15,S,FALSE,TRUE,0,3,Kiln,8.499,1142,Kiln,7.192,1185,Hearth,0.530,3.300,1184,0
AU,15,S,FALSE,TRUE,0,6,Hearth,2.192,8.456,1161,Kiln,9.996,1223,Kiln,2.517,1215,Kiln,7.999,1202,Kiln,4.618,1260,Hearth,3.513,1.845,1178,0
AV,15,S,FALSE,TRUE,0,4,Kiln,9.950,1176,Hearth,4.344,1.596,1186,Kiln,4.584,1165,Kiln,3.068,1245,0
AW,15,S,FALSE,TRUE,0,7,Kiln,2.328,1205,Kiln,9.669,1172,Kiln,8.933,1186,Hearth,1.290,1.380,1188,Kiln,0.547,1205,Kiln,3.988,1179,Kiln,8.652,1249,0
AX,15,N,FALSE,TRUE,0,0,0
AY,15,N,FALSE,TRUE,0,0,0
AZ,15,N,FALSE,TRUE,0,0,0
BA,15,N,FALSE,TRUE,0,0,0
BB,15,N,FALSE,TRUE,0,0,0
BC,15,N,FALSE,TRUE,0,0,0
BD,15,N,FALSE,TRUE,0,0,0
BE,15,N,FALSE,TRUE,0,0,0
BF,15,N,FALSE,TRUE,0,0,0
BG,15,N,FALSE,TRUE,0,0,0
BH,15,N,FALSE,TRUE,0,0,0
BI,15,N,FALSE,TRUE,0,0,0
BJ,15,N,FALSE,TRUE,0,0,0
BK,15,N,FALSE,TRUE,0,0,0
BL,15,N,FALSE,TRUE,0,0,0
BM,15,N,FALSE,TRUE,0,0,0
BN,15,N,FALSE,TRUE,0,0,0
BO,15,N,FALSE,TRUE,0,0,0
BP,15,N,FALSE,TRUE,0,0,0
BQ,15,N,FALSE,TRUE,0,0,0
BR,15,N,FALSE,TRUE,0,0,0
A,16,N,FALSE,FALSE,0,0,0
B,16,N,FALSE,FALSE,0,0,0
C,16,N,FALSE,FALSE,0,0,0
D,16,N,FALSE,FALSE,0,0,0
E,16,S,FALSE,FALSE,0,5,Hearth,0.248,1.458,1258,Kiln,0.723,1171,Hearth,4.000,0.386,1173,Hearth,1.321,3.339,1168,Kiln,2.688,1232,0
F,16,S,FALSE,FALSE,0,5,Hearth,4.524,9.936,1241,Hearth,0.306,9.131,1213,Hearth,4.011,7.204,1247,Kiln,6.369,1152,Kiln,7.008,1159,0
G,16,S,FALSE,FALSE,0,4,Hearth,3.086,5.728,1147,Hearth,2.704,4.612,1139,Hearth,3.710,5.518,1173,Kiln,7.943,1163,0
H,16,S,FALSE,FALSE,0,6,Kiln,2.715,1198,Kiln,5.387,1157,Hearth,0.328,7.831,1256,Hearth,0.588,7.424,1209,Kiln,8.920,1256,Kiln,7.990,1217,0
I,16,S,FALSE,FALSE,0,5,Kiln,9.744,1165,Kiln,1.344,1193,Hearth,1.350,0.203,1165,Kiln,3.558,1156,Hearth,2.678,6.038,1156,0
J,16,N,FALSE,FALSE,0,0,0
K,16,N,FALSE,FALSE,0,0,0
L,16,N,FALSE,FALSE,0,0,0
M,16,N,FALSE,FALSE,0,0,0
N,16,N,FALSE,FALSE,0,0,0
O,16,N,FALSE,FALSE,0,0,0
P,16,N,FALSE,FALSE,0,0,0
Q,16,N,FALSE,FALSE,0,0,0
R,16,N,FALSE,FALSE,0,0,0
S,16,N,FALSE,FALSE,0,0,0
T,16,N,FALSE,FALSE,0,0,0
U,16,N,FALSE,FALSE,0,0,0
V,16,N,FALSE,FALSE,0,0,0
W,16,N,FALSE,FALSE,0,0,0
X,16,S,FALSE,FALSE,4,Storage,5.456,1219,Storage,0.311,1203,Storage,7.234,1216,Submerged,6,1151,0,0
Y,16,S,FALSE,FALSE,5,Storage,4.027,1202,Storage,8.451,1201,Submerged,5,1156,Storage,2.167,1204,Storage,1.506,1258,0,0
Z,16,S,FALSE,FALSE,2,Submerged,17,1148,Decorated,Glyphs,1209,0,0
AA,16,S,FALSE,FALSE,1,Decorated,Glyphs,1212,0,0
AB,16,S,FALSE,FALSE,4,Decorated,Priest,1154,Decorated,Glyphs,1192,Storage,4.491,1140,Storage,2.050,1224,0,0
AC,16,S,FALSE,FALSE,1,Storage,8.341,1259,0,0
AD,16,S,FALSE,FALSE,3,Decorated,Jaguar,1242,Decorated,Prince,1154,Submerged,22,1170,0,0
AE,16,S,FALSE,FALSE,3,Decorated,Skull,1251,Storage,5.964,1177,Submerged,13,1231,0,0
AF,16,S,FALSE,FALSE,5,Submerged,20,1209,Storage,9.766,1229,Storage,7.215,1159,Submerged,13,1178,Submerged,19,1191,0,0
AG,16,S,FALSE,FALSE,1,Submerged,3,1219,0,0
AH,16,S,FALSE,FALSE,5,Decorated,Skull,1253,Storage,3.699,1241,Submerged,20,1144,Decorated,Underworld,1200,Storage,1.851,1171,0,0
AI,16,S,FALSE,FALSE,0,7,Hearth,3.852,3.733,1224,Kiln,9.664,1138,Hearth,2.416,0.254,1189,Hearth,1.925,3.096,1154,Kiln,0.073,1203,Hearth,1.841,7.292,1196,Kiln,6.927,1174,0
AJ,16,N,FALSE,FALSE,0,0,0
AK,16,N,FALSE,TRUE,0,0,0
AL,16,N,FALSE,TRUE,0,0,0
AM,16,N,FALSE,TRUE,0,0,0
AN,16,N,FALSE,TRUE,0,0,0
AO,16,N,FALSE,TRUE,0,0,0
AP,16,N,FALSE,TRUE,0,0,0
AQ,16,N,FALSE,TRUE,0,0,0
AR,16,S,FALSE,TRUE,0,4,Kiln,0.470,1254,Kiln,2.451,1169,Hearth,0.336,3.104,1171,Kiln,1.722,1162,0
AS,16,S,FALSE,TRUE,0,3,Kiln,4.130,1174,Hearth,2.013,0.493,1144,Hearth,3.375,7.905,1189,0
AT,16,S,FALSE,TRUE,0,3,Hearth,2.171,4.715,1189,Hearth,4.096,6.763,1144,Hearth,1.551,2.776,1177,0
AU,16,S,FALSE,TRUE,0,5,Hearth,1.694,9.724,1251,Kiln,0.362,1153,Kiln,5.910,1151,Kiln,8.416,1188,Hearth,4.365,6.428,1148,0
AV,16,S,FALSE,TRUE,0,2,Kiln,9.875,1196,Hearth,3.306,9.074,1186,0
AW,16,S,FALSE,TRUE,0,2,Hearth,3.873,0.220,1178,Hearth,1.854,0.892,1190,0
AX,16,S,FALSE,TRUE,0,4,Hearth,0.900,6.544,1198,Hearth,3.142,8.148,1186,Kiln,6.877,1164,Kiln,2.168,1183,0
AY,16,N,FALSE,TRUE,0,0,0
AZ,16,N,FALSE,TRUE,0,0,0
BA,16,N,FALSE,TRUE,0,0,0
BB,16,N,FALSE,TRUE,0,0,0
BC,16,N,FALSE,TRUE,0,0,0
BD,16,N,FALSE,TRUE,0,0,0
BE,16,N,FALSE,TRUE,0,0,0
BF,16,N,FALSE,TRUE,0,0,0
BG,16,N,FALSE,TRUE,0,0,0
BH,16,N,FALSE,TRUE,0,0,0
BI,16,N,FALSE,TRUE,0,0,0
BJ,16,N,FALSE,TRUE,0,0,0
BK,16,N,FALSE,TRUE,0,0,0
BL,16,N,FALSE,TRUE,0,0,0
BM,16,N,FALSE,TRUE,0,0,0
BN,16,N,FALSE,TRUE,0,0,0
BO,16,N,FALSE,TRUE,0,0,0
BP,16,N,FALSE,TRUE,0,0,0
BQ,16,N,FALSE,TRUE,0,0,0
BR,16,N,FALSE,TRUE,0,0,0
A,17,N,FALSE,FALSE,0,0,0
B,17,N,FALSE,FALSE,0,0,0
C,17,N,FALSE,FALSE,0,0,0
D,17,N,FALSE,FALSE,0,0,0
E,17,S,FALSE,FALSE,0,6,Kiln,9.081,1173,Hearth,0.993,3.425,1205,Kiln,7.147,1233,Hearth,1.983,6.820,1231,Hearth,3.291,9.165,1222,Kiln,0.282,1246,0
F,17,S,FALSE,FALSE,0,1,Hearth,4.879,8.596,1256,0
G,17,S,FALSE,FALSE,0,2,Hearth,4.050,0.593,1139,Kiln,8.526,1255,0
H,17,S,FALSE,FALSE,0,6,Hearth,4.181,3.517,1213,Kiln,6.626,1179,Kiln,9.759,1227,Kiln,5.751,1139,Hearth,3.351,8.355,1186,Hearth,1.012,8.118,1260,0
I,17,N,FALSE,FALSE,0,0,0
J,17,N,FALSE,FALSE,0,0,0
K,17,N,FALSE,FALSE,0,0,0
L,17,N,FALSE,FALSE,0,0,0
M,17,N,FALSE,FALSE,0,0,0
N,17,N,FALSE,FALSE,0,0,0
O,17,N,FALSE,FALSE,0,0,0
P,17,N,FALSE,FALSE,0,0,0
Q,17,N,FALSE,FALSE,0,0,0
R,17,N,FALSE,FALSE,0,0,0
S,17,N,FALSE,FALSE,0,0,0
T,17,N,FALSE,FALSE,0,0,0
U,17,N,FALSE,FALSE,0,0,0
V,17,N,FALSE,FALSE,0,0,0
W,17,N,FALSE,FALSE,0,0,0
X,17,N,FALSE,FALSE,0,0,0
Y,17,S,FALSE,FALSE,0,7,Hearth,2.985,9.233,1169,Kiln,2.806,1216,Kiln,4.606,1184,Kiln,2.044,1220,Kiln,4.690,1146,Kiln,1.445,1196,Hearth,3.851,3.744,1249,0
Z,17,S,FALSE,FALSE,0,6,Kiln,9.637,1245,Hearth,1.068,2.743,1190,Kiln,1.644,1156,Hearth,3.177,8.343,1206,Kiln,0.484,1191,Hearth,0.996,2.457,1179,0
AA,17,S,FALSE,FALSE,0,3,Hearth,1.211,9.418,1238,Hearth,0.410,2.339,1150,Kiln,7.481,1151,0
AB,17,S,FALSE,FALSE,0,1,Kiln,2.468,1217,0
AC,17,S,FALSE,FALSE,0,3,Kiln,6.627,1245,Kiln,2.125,1161,Kiln,0.325,1152,0
AD,17,S,FALSE,FALSE,0,7,Kiln,0.566,1249,Kiln,8.772,1220,Kiln,1.965,1195,Hearth,0.226,6.110,1166,Hearth,2.316,1.707,1216,Kiln,1.860,1183,Hearth,4.658,2.548,1184,0
AE,17,S,FALSE,FALSE,0,4,Kiln,0.795,1157,Kiln,7.928,1185,Kiln,6.143,1140,Hearth,1.813,8.782,1157,0
AF,17,S,FALSE,FALSE,0,1,Kiln,1.100,1262,0
AG,17,S,FALSE,FALSE,0,6,Hearth,0.890,6.006,1152,Hearth,4.199,2.660,1158,Hearth,0.895,2.738,1162,Hearth,3.998,0.983,1255,Kiln,5.612,1239,Kiln,0.286,1219,0
AH,17,S,FALSE,FALSE,0,7,Kiln,6.884,1224,Kiln,4.302,1231,Kiln,0.650,1163,Hearth,1.900,9.112,1170,Hearth,0.168,5.570,1221,Hearth,0.835,4.259,1258,Hearth,1.739,2.486,1240,0
AI,17,N,FALSE,FALSE,0,0,0
AJ,17,N,FALSE,FALSE,0,0,0
AK,17,N,FALSE,TRUE,0,0,0
AL,17,N,FALSE,TRUE,0,0,0
AM,17,N,FALSE,TRUE,0,0,0
AN,17,N,FALSE,TRUE,0,0,0
AO,17,N,FALSE,TRUE,0,0,0
AP,17,N,FALSE,TRUE,0,0,0
AQ,17,N,FALSE,TRUE,0,0,0
AR,17,S,FALSE,TRUE,0,6,Kiln,0.104,1145,Hearth,3.215,2.305,1191,Hearth,4.982,1.684,1227,Hearth,2.867,1.639,1163,Kiln,8.806,1169,Kiln,4.886,1225,0
AS,17,S,FALSE,TRUE,0,6,Hearth,4.317,4.041,1253,Hearth,0.558,5.080,1144,Hearth,0.359,6.774,1168,Kiln,2.378,1228,Kiln,8.441,1168,Kiln,4.946,1243,0
AT,17,S,FALSE,TRUE,0,6,Kiln,9.001,1243,Kiln,2.654,1147,Hearth,2.224,2.841,1258,Kiln,6.432,1143,Kiln,4.625,1216,Kiln,3.011,1153,0
AU,17,S,FALSE,TRUE,0,6,Hearth,3.304,6.409,1182,Hearth,4.916,3.640,1228,Hearth,4.930,6.361,1198,Hearth,0.535,8.536,1245,Hearth,0.330,8.600,1153,Hearth,1.650,1.869,1193,0
AV,17,S,FALSE,TRUE,0,7,Kiln,2.703,1152,Hearth,0.749,9.193,1203,Hearth,1.635,8.890,1157,Hearth,3.653,1.863,1168,Kiln,0.928,1195,Hearth,1.704,8.043,1148,Hearth,2.179,9.870,1199,0
AW,17,S,FALSE,TRUE,0,5,Kiln,6.627,1184,Kiln,1.002,1197,Hearth,0.460,2.787,1145,Hearth,3.512,1.446,1173,Kiln,5.138,1221,0
AX,17,S,FALSE,TRUE,0,2,Hearth,0.082,5.262,1147,Kiln,1.441,1201,0
AY,17,N,FALSE,TRUE,0,0,0
AZ,17,N,FALSE,TRUE,0,0,0
BA,17,N,FALSE,TRUE,0,0,0
BB,17,N,FALSE,TRUE,0,0,0
BC,17,N,FALSE,TRUE,0,0,0
BD,17,N,FALSE,TRUE,0,0,0
BE,17,N,FALSE,TRUE,0,0,0
BF,17,N,FALSE,TRUE,0,0,0
BG,17,N,FALSE,TRUE,0,0,0
BH,17,N,FALSE,TRUE,0,0,0
BI,17,N,FALSE,TRUE,0,0,0
BJ,17,N,FALSE,TRUE,0,0,0
BK,17,N,FALSE,TRUE,0,0,0
BL,17,N,FALSE,TRUE,0,0,0
BM,17,N,FALSE,TRUE,0,0,0
BN,17,N,FALSE,TRUE,0,0,0
BO,17,N,FALSE,TRUE,0,0,0
BP,17,N,FALSE,TRUE,0,0,0
BQ,17,N,FALSE,TRUE,0,0,0
BR,17,N,FALSE,TRUE,0,0,0
A,18,N,FALSE,FALSE,0,0,0
B,18,N,FALSE,FALSE,0,0,0
C,18,N,FALSE,FALSE,0,0,0
D,18,N,FALSE,FALSE,0,0,0
E,18,S,FALSE,FALSE,0,5,Kiln,7.911,1170,Kiln,6.602,1204,Kiln,4.427,1173,Kiln,5.804,1178,Kiln,8.300,1199,0
F,18,S,FALSE,FALSE,0,1,Kiln,0.464,1235,0
G,18,S,FALSE,FALSE,0,6,Hearth,4.918,2.994,1197,Hearth,3.234,9.071,1262,Hearth,0.569,4.266,1153,Hearth,1.891,5.089,1187,Kiln,4.956,1246,Kiln,0.139,1244,0
H,18,S,FALSE,FALSE,0,4,Hearth,4.837,8.420,1155,Hearth,3.424,3.522,1165,Kiln,1.740,1188,Hearth,4.804,5.477,1148,0
I,18,N,FALSE,FALSE,0,0,0
J,18,N,FALSE,FALSE,0,0,0
K,18,N,FALSE,FALSE,0,0,0
L,18,N,FALSE,FALSE,0,0,0
M,18,N,FALSE,FALSE,0,0,0
N,18,N,FALSE,FALSE,0,0,0
O,18,N,FALSE,FALSE,0,0,0
P,18,N,FALSE,FALSE,0,0,0
Q,18,N,FALSE,FALSE,0,0,0
R,18,N,FALSE,FALSE,0,0,0
S,18,N,FALSE,FALSE,0,0,0
T,18,N,FALSE,FALSE,0,0,0
U,18,N,FALSE,FALSE,0,0,0
V,18,N,FALSE,FALSE,0,0,0
W,18,N,FALSE,FALSE,0,0,0
X,18,N,FALSE,FALSE,0,0,0
Y,18,N,FALSE,FALSE,0,0,0
Z,18,N,FALSE,FALSE,0,0,0
AA,18,N,FALSE,FALSE,0,0,0
AB,18,N,FALSE,FALSE,0,0,0
AC,18,N,FALSE,FALSE,0,0,0
AD,18,N,FALSE,FALSE,0,0,0
AE,18,N,FALSE,FALSE,0,0,0
AF,18,N,FALSE,FALSE,0,0,0
AG,18,N,FALSE,FALSE,0,0,0
AH,18,N,FALSE,FALSE,0,0,0
AI,18,N,FALSE,FALSE,0,0,0
AJ,18,N,FALSE,FALSE,0,0,0
AK,18,N,FALSE,TRUE,0,0,0
AL,18,N,FALSE,TRUE,0,0,0
AM,18,N,FALSE,TRUE,0,0,0
AN,18,N,FALSE,TRUE,0,0,0
AO,18,N,FALSE,TRUE,0,0,0
AP,18,N,FALSE,TRUE,0,0,0
AQ,18,N,FALSE,TRUE,0,0,0
AR,18,S,FALSE,TRUE,0,4,Hearth,3.601,0.986,1206,Hearth,0.665,4.021,1198,Hearth,2.844,6.954,1171,Hearth,2.333,3.083,1242,0
AS,18,S,FALSE,TRUE,0,5,Hearth,4.673,1.385,1159,Hearth,4.834,7.975,1173,Kiln,6.833,1147,Kiln,7.944,1139,Kiln,0.526,1247,0
AT,18,S,FALSE,TRUE,0,4,Hearth,4.031,7.308,1178,Kiln,4.249,1210,Kiln,0.203,1260,Kiln,3.335,1194,0
AU,18,S,FALSE,TRUE,0,6,Hearth,3.379,9.277,1139,Hearth,0.997,2.466,1142,Kiln,2.742,1219,Hearth,1.853,4.043,1176,Hearth,2.225,6.991,1216,Kiln,1.949,1141,0
AV,18,S,FALSE,TRUE,0,7,Kiln,0.557,1193,Kiln,0.707,1165,Hearth,0.322,4.085,1143,Kiln,7.528,1139,Hearth,0.164,1.470,1214,Hearth,2.992,6.610,1186,Hearth,4.567,6.043,1224,0
AW,18,N,FALSE,TRUE,0,0,0
AX,18,N,FALSE,TRUE,0,0,0
AY,18,N,FALSE,TRUE,0,0,0
AZ,18,N,FALSE,TRUE,0,0,0
BA,18,N,FALSE,TRUE,0,0,0
BB,18,N,FALSE,TRUE,0,0,0
BC,18,N,FALSE,TRUE,0,0,0
BD,18,N,FALSE,TRUE,0,0,0
BE,18,N,FALSE,TRUE,0,0,0
BF,18,N,FALSE,TRUE,0,0,0
BG,18,N,FALSE,TRUE,0,0,0
BH,18,N,FALSE,TRUE,0,0,0
BI,18,N,FALSE,TRUE,0,0,0
BJ,18,N,FALSE,TRUE,0,0,0
BK,18,N,FALSE,TRUE,0,0,0
BL,18,N,FALSE,TRUE,0,0,0
BM,18,N,FALSE,TRUE,0,0,0
BN,18,N,FALSE,TRUE,0,0,0
BO,18,N,FALSE,TRUE,0,0,0
BP,18,N,FALSE,TRUE,0,0,0
BQ,18,N,FALSE,TRUE,0,0,0
BR,18,N,FALSE,TRUE,0,0,0
A,19,N,FALSE,FALSE,0,0,0
B,19,N,FALSE,FALSE,0,0,0
C,19,N,FALSE,FALSE,0,0,0
D,19,N,FALSE,FALSE,0,0,0
E,19,S,FALSE,FALSE,0,3,Hearth,2.653,1.505,1186,Kiln,1.485,1235,Hearth,1.935,7.044,1160,0
F,19,S,FALSE,FALSE,0,1,Hearth,3.278,2.804,1146,0
G,19,S,FALSE,FALSE,0,3,Kiln,6.938,1197,Kiln,5.534,1219,Kiln,7.815,1234,0
H,19,S,FALSE,FALSE,0,7,Hearth,2.352,2.603,1206,Kiln,8.266,1212,Hearth,3.912,9.291,1248,Kiln,4.604,1139,Kiln,8.820,1156,Kiln,7.236,1219,Hearth,1.201,6.019,1158,0
I,19,N,FALSE,FALSE,0,0,0
J,19,N,FALSE,FALSE,0,0,0
K,19,N,FALSE,FALSE,0,0,0
L,19,N,FALSE,FALSE,0,0,0
M,19,N,FALSE,FALSE,0,0,0
N,19,N,FALSE,FALSE,0,0,0
O,19,N,FALSE,FALSE,0,0,0
P,19,N,FALSE,FALSE,0,0,0
Q,19,N,FALSE,FALSE,0,0,0
R,19,N,FALSE,FALSE,0,0,0
S,19,N,FALSE,FALSE,0,0,0
T,19,N,FALSE,FALSE,0,0,0
U,19,N,FALSE,FALSE,0,0,0
V,19,N,FALSE,FALSE,0,0,0
W,19,N,FALSE,FALSE,0,0,0
X,19,N,FALSE,FALSE,0,0,0
Y,19,N,FALSE,FALSE,0,0,0
Z,19,N,FALSE,FALSE,0,0,0
AA,19,N,FALSE,FALSE,0,0,0
AB,19,N,FALSE,FALSE,0,0,0
AC,19,N,FALSE,FALSE,0,0,0
AD,19,N,FALSE,FALSE,0,0,0
AE,19,N,FALSE,FALSE,0,0,0
AF,19,N,FALSE,FALSE,0,0,0
AG,19,N,FALSE,FALSE,0,0,0
AH,19,N,FALSE,FALSE,0,0,0
AI,19,N,FALSE,FALSE,0,0,0
AJ,19,N,FALSE,FALSE,0,0,0
AK,19,N,FALSE,TRUE,0,0,0
AL,19,N,FALSE,TRUE,0,0,0
AM,19,N,FALSE,TRUE,0,0,0
AN,19,N,FALSE,TRUE,0,0,0
AO,19,N,FALSE,TRUE,0,0,0
AP,19,N,FALSE,TRUE,0,0,0
AQ,19,N,FALSE,TRUE,0,0,0
AR,19,S,FALSE,TRUE,0,4,Kiln,3.335,1155,Kiln,2.925,1247,Hearth,4.488,2.673,1195,Hearth,0.882,4.339,1198,0
AS,19,S,FALSE,TRUE,0,3,Hearth,0.573,6.215,1229,Kiln,6.079,1198,Hearth,4.544,6.625,1212,0
AT,19,S,FALSE,TRUE,0,3,Kiln,6.245,1205,Hearth,4.516,1.655,1190,Hearth,0.246,0.001,1180,0
AU,19,S,FALSE,TRUE,0,4,Hearth,4.094,6.789,1177,Kiln,9.480,1200,Kiln,0.648,1216,Hearth,3.545,9.225,1150,0
AV,19,S,FALSE,TRUE,0,2,Kiln,9.450,1252,Kiln,4.790,1200,0
AW,19,N,FALSE,TRUE,0,0,0
AX,19,N,FALSE,TRUE,0,0,0
AY,19,N,FALSE,TRUE,0,0,0
AZ,19,N,FALSE,TRUE,0,0,0
BA,19,N,FALSE,TRUE,0,0,0
BB,19,N,FALSE,TRUE,0,0,0
BC,19,N,FALSE,TRUE,0,0,0
BD,19,N,FALSE,TRUE,0,0,0
BE,19,N,FALSE,TRUE,0,0,0
BF,19,N,FALSE,TRUE,0,0,0
BG,19,N,FALSE,TRUE,0,0,0
BH,19,N,FALSE,TRUE,0,0,0
BI,19,N,FALSE,TRUE,0,0,0
BJ,19,N,FALSE,TRUE,0,0,0
BK,19,N,FALSE,TRUE,0,0,0
BL,19,N,FALSE,TRUE,0,0,0
BM,19,N,FALSE,TRUE,0,0,0
BN,19,N,FALSE,TRUE,0,0,0
BO,19,N,FALSE,TRUE,0,0,0
BP,19,N,FALSE,TRUE,0,0,0
BQ,19,N,FALSE,TRUE,0,0,0
BR,19,N,FALSE,TRUE,0,0,0
A,20,N,FALSE,FALSE,0,0,0
B,20,N,FALSE,FALSE,0,0,0
C,20,N,FALSE,FALSE,0,0,0
D,20,N,FALSE,FALSE,0,0,0
E,20,S,FALSE,FALSE,0,7,Kiln,4.535,1234,Hearth,2.083,4.528,1252,Kiln,5.742,1162,Kiln,2.826,1159,Hearth,4.884,6.804,1155,Hearth,2.255,1.118,1162,Kiln,4.762,1180,0
F,20,S,FALSE,FALSE,0,2,Kiln,0.351,1235,Kiln,3.776,1160,0
G,20,S,FALSE,FALSE,0,5,Kiln,1.549,1239,Hearth,3.326,9.667,1193,Kiln,0.827,1160,Kiln,9.448,1193,Kiln,7.132,1140,0
H,20,S,FALSE,FALSE,0,1,Kiln,0.020,1235,0
I,20,N,FALSE,FALSE,0,0,0
J,20,N,FALSE,FALSE,0,0,0
K,20,N,FALSE,FALSE,0,0,0
L,20,N,FALSE,FALSE,0,0,0
M,20,N,FALSE,FALSE,0,0,0
N,20,N,FALSE,FALSE,0,0,0
O,20,S,FALSE,FALSE,0,4,Kiln,3.543,1237,Hearth,1.344,0.428,1231,Kiln,6.119,1258,Hearth,0.763,9.150,1158,0
P,20,S,FALSE,FALSE,0,3,Kiln,2.630,1218,Hearth,1.244,5.620,1257,Kiln,9.839,1172,0
Q,20,S,FALSE,FALSE,0,5,Kiln,3.832,1211,Kiln,3.595,1253,Hearth,4.709,6.751,1162,Kiln,2.379,1247,Kiln,0.394,1235,0
R,20,N,FALSE,FALSE,0,0,0
S,20,N,FALSE,FALSE,0,0,0
T,20,N,FALSE,FALSE,0,0,0
U,20,N,FALSE,FALSE,0,0,0
V,20,N,FALSE,FALSE,0,0,0
W,20,N,FALSE,FALSE,0,0,0
X,20,N,FALSE,FALSE,0,0,0
Y,20,N,FALSE,FALSE,0,0,0
Z,20,N,FALSE,FALSE,0,0,0
AA,20,N,FALSE,FALSE,0,0,0
AB,20,N,FALSE,FALSE,0,0,0
AC,20,N,FALSE,FALSE,0,0,0
AD,20,N,FALSE,FALSE,0,0,0
AE,20,N,FALSE,FALSE,0,0,0
AF,20,N,FALSE,FALSE,0,0,0
AG,20,N,FALSE,FALSE,0,0,0
AH,20,N,FALSE,FALSE,0,0,0
AI,20,N,FALSE,FALSE,0,0,0
AJ,20,N,FALSE,FALSE,0,0,0
AK,20,S,FALSE,TRUE,0,2,Kiln,7.116,1248,Hearth,4.568,6.923,1259,0
AL,20,S,FALSE,TRUE,0,5,Hearth,3.500,1.484,1174,Hearth,1.803,6.944,1250,Hearth,0.814,7.869,1208,Hearth,4.193,0.410,1209,Kiln,4.867,1183,0
AM,20,S,FALSE,TRUE,0,1,Hearth,0.186,5.660,1233,0
AN,20,N,FALSE,TRUE,0,0,0
AO,20,N,FALSE,TRUE,0,0,0
AP,20,N,FALSE,TRUE,0,0,0
AQ,20,N,FALSE,TRUE,0,0,0
AR,20,S,FALSE,TRUE,0,2,Kiln,0.198,1156,Kiln,3.839,1212,0
AS,20,S,FALSE,TRUE,0,7,Kiln,3.665,1194,Hearth,2.323,4.244,1163,Hearth,1.050,8.369,1177,Kiln,8.696,1154,Hearth,4.756,0.868,1225,Kiln,9.923,1231,Hearth,0.390,1.385,1192,0
AT,20,S,FALSE,TRUE,0,2,Kiln,5.249,1200,Hearth,2.990,0.969,1162,0
AU,20,S,FALSE,TRUE,0,6,Kiln,0.036,1217,Hearth,2.599,7.267,1171,Hearth,1.671,2.710,1259,Hearth,0.135,6.345,1178,Kiln,3.018,1168,Hearth,1.373,2.721,1138,0
AV,20,S,FALSE,TRUE,0,4,Hearth,0.002,5.721,1217,Hearth,0.189,1.241,1184,Hearth,4.536,6.734,1213,Kiln,9.503,1248,0
AW,20,S,FALSE,TRUE,0,3,Hearth,2.482,6.198,1247,Hearth,0.022,9.745,1189,Hearth,2.683,4.087,1261,0
AX,20,S,FALSE,TRUE,0,6,Kiln,3.918,1167,Kiln,3.714,1162,Kiln,0.376,1233,Kiln,5.108,1217,Kiln,0.467,1192,Kiln,1.888,1258,0
AY,20,S,FALSE,TRUE,0,3,Hearth,1.051,5.689,1223,Hearth,1.256,4.942,1188,Hearth,3.771,2.925,1209,0
AZ,20,S,FALSE,TRUE,0,1,Hearth,3.828,3.164,1167,0
BA,20,S,FALSE,TRUE,0,3,Kiln,6.471,1141,Kiln,1.705,1176,Kiln,1.219,1139,0
BB,20,N,FALSE,TRUE,0,0,0
BC,20,N,FALSE,TRUE,0,0,0
BD,20,N,FALSE,TRUE,0,0,0
BE,20,N,FALSE,TRUE,0,0,0
BF,20,N,FALSE,TRUE,0,0,0
BG,20,N,FALSE,TRUE,0,0,0
BH,20,N,FALSE,TRUE,0,0,0
BI,20,N,FALSE,TRUE,0,0,0
BJ,20,N,FALSE,TRUE,0,0,0
BK,20,N,FALSE,TRUE,0,0,0
BL,20,N,FALSE,TRUE,0,0,0
BM,20,N,FALSE,TRUE,0,0,0
BN,20,N,FALSE,TRUE,0,0,0
BO,20,N,FALSE,TRUE,0,0,0
BP,20,N,FALSE,TRUE,0,0,0
BQ,20,N,FALSE,TRUE,0,0,0
BR,20,N,FALSE,TRUE,0,0,0
A,21,N,FALSE,FALSE,0,0,0
B,21,N,FALSE,FALSE,0,0,0
C,21,N,FALSE,FALSE,0,0,0
D,21,N,FALSE,FALSE,0,0,0
E,21,N,FALSE,FALSE,0,0,0
F,21,S,FALSE,FALSE,0,4,Kiln,3.263,1225,Kiln,3.619,1223,Kiln,7.223,1260,Hearth,0.188,5.250,1224,0
G,21,S,FALSE,FALSE,0,5,Hearth,0.252,5.634,1249,Hearth,2.624,0.036,1151,Kiln,7.378,1144,Hearth,4.397,1.562,1235,Kiln,4.224,1144,0
H,21,S,FALSE,FALSE,0,6,Kiln,0.543,1238,Kiln,5.878,1233,Hearth,2.964,9.251,1150,Hearth,4.311,6.093,1248,Hearth,0.148,4.341,1150,Kiln,7.895,1146,0
I,21,S,FALSE,FALSE,0,7,Kiln,3.492,1176,Hearth,3.800,5.150,1216,Kiln,7.620,1259,Hearth,0.187,3.756,1179,Kiln,2.323,1243,Kiln,3.304,1252,Hearth,3.390,8.330,1244,0
J,21,S,FALSE,FALSE,0,1,Kiln,3.599,1165,0
K,21,S,FALSE,FALSE,0,4,Hearth,4.829,0.537,1180,Kiln,5.669,1171,Kiln,6.229,1197,Hearth,2.554,8.590,1237,0
L,21,N,FALSE,FALSE,0,0,0
M,21,S,FALSE,FALSE,0,1,Hearth,2.611,6.695,1218,0
N,21,S,FALSE,FALSE,0,5,Kiln,9.295,1198,Kiln,0.185,1193,Kiln,9.312,1210,Kiln,8.462,1242,Kiln,7.498,1206,0
O,21,S,FALSE,FALSE,0,4,Hearth,4.141,0.367,1225,Kiln,8.281,1202,Kiln,7.277,1216,Kiln,5.242,1240,0
P,21,S,FALSE,FALSE,0,6,Kiln,6.877,1198,Hearth,2.328,3.917,1187,Kiln,0.084,1142,Kiln,8.576,1223,Hearth,2.471,9.694,1221,Hearth,1.940,0.542,1145,0
Q,21,S,FALSE,FALSE,0,2,Hearth,2.151,1.537,1198,Hearth,1.799,5.474,1164,0
R,21,S,FALSE,FALSE,0,3,Kiln,8.041,1192,Hearth,3.758,0.941,1158,Kiln,7.007,1234,0
S,21,S,FALSE,FALSE,0,1,Hearth,1.029,1.802,1194,0
T,21,S,FALSE,FALSE,0,1,Hearth,2.307,8.453,1149,0
U,21,S,FALSE,FALSE,0,6,Kiln,6.799,1212,Kiln,2.223,1223,Kiln,1.821,1238,Kiln,8.123,1195,Hearth,3.059,1.893,1209,Kiln,7.697,1208,0
V,21,S,FALSE,FALSE,0,5,Kiln,1.860,1170,Hearth,3.222,6.380,1144,Kiln,2.590,1151,Hearth,1.528,2.338,1184,Kiln,6.515,1169,0
W,21,S,FALSE,FALSE,0,3,Kiln,3.418,1196,Hearth,1.717,1.436,1253,Kiln,2.321,1211,0
X,21,S,FALSE,FALSE,0,4,Hearth,0.629,0.452,1250,Hearth,2.252,5.590,1151,Hearth,4.950,4.691,1235,Kiln,2.782,1161,0
Y,21,S,FALSE,FALSE,0,7,Hearth,1.448,5.578,1180,Kiln,9.169,1172,Kiln,9.280,1179,Kiln,0.237,1144,Kiln,0.556,1182,Hearth,2.524,5.989,1153,Hearth,2.045,3.434,1251,0
Z,21,S,FALSE,FALSE,0,2,Kiln,6.655,1161,Kiln,5.725,1215,0
AA,21,S,FALSE,FALSE,0,6,Kiln,2.434,1171,Kiln,4.015,1244,Hearth,3.962,8.865,1193,Hearth,1.816,5.329,1169,Kiln,9.071,1152,Kiln,4.284,1185,0
AB,21,S,FALSE,FALSE,0,2,Hearth,4.894,1.325,1174,Hearth,3.401,2.779,1192,0
AC,21,S,FALSE,FALSE,0,7,Hearth,3.680,9.419,1198,Kiln,0.838,1245,Kiln,8.924,1231,Kiln,7.859,1146,Hearth,4.931,6.174,1211,Hearth,3.544,3.119,1222,Kiln,9.611,1224,0
AD,21,S,FALSE,FALSE,0,4,Kiln,3.310,1184,Hearth,1.651,8.423,1225,Kiln,0.700,1261,Hearth,0.938,7.178,1159,0
AE,21,S,FALSE,FALSE,0,4,Hearth,3.984,6.025,1255,Hearth,3.515,7.419,1184,Kiln,3.544,1250,Hearth,3.054,8.730,1155,0
AF,21,S,FALSE,FALSE,0,1,Hearth,0.920,5.056,1258,0
AG,21,S,FALSE,FALSE,0,5,Hearth,4.766,4.217,1184,Hearth,3.921,1.284,1165,Kiln,5.797,1261,Hearth,3.155,9.185,1159,Kiln,3.086,1211,0
AH,21,S,FALSE,FALSE,0,4,Kiln,1.749,1242,Hearth,0.210,7.910,1173,Hearth,3.174,1.600,1207,Hearth,1.992,3.789,1210,0
AI,21,S,FALSE,FALSE,0,3,Kiln,7.150,1236,Kiln,0.863,1247,Hearth,2.467,3.992,1201,0
AJ,21,S,FALSE,FALSE,0,1,Hearth,4.491,1.561,1151,0
AK,21,S,FALSE,TRUE,0,4,Hearth,2.404,4.028,1155,Hearth,4.338,7.012,1162,Kiln,9.048,1147,Kiln,8.289,1147,0
AL,21,S,FALSE,TRUE,0,3,Hearth,3.364,0.408,1210,Hearth,3.609,4.836,1138,Hearth,2.150,5.843,1219,0
AM,21,S,FALSE,TRUE,0,5,Kiln,9.022,1165,Hearth,0.089,2.016,1248,Kiln,4.688,1153,Kiln,0.038,1261,Hearth,4.735,4.932,1182,0
AN,21,S,FALSE,TRUE,0,4,Kiln,0.362,1237,Kiln,4.923,1230,Hearth,2.311,6.557,1174,Hearth,0.201,8.119,1164,0
AO,21,S,FALSE,TRUE,0,6,Hearth,3.445,1.623,1160,Kiln,1.299,1193,Hearth,2.347,2.515,1168,Kiln,0.602,1229,Kiln,9.519,1152,Hearth,0.848,7.769,1208,0
AP,21,S,FALSE,TRUE,0,2,Hearth,1.566,4.370,1221,Kiln,4.655,1236,0
AQ,21,S,FALSE,TRUE,0,1,Hearth,0.656,8.237,1243,0
AR,21,S,FALSE,TRUE,0,7,Hearth,2.287,4.431,1160,Kiln,6.119,1149,Kiln,3.901,1187,Hearth,3.502,9.433,1165,Kiln,7.744,1141,Kiln,0.631,1213,Hearth,1.880,3.757,1185,0
AS,21,S,FALSE,TRUE,0,7,Kiln,4.262,1246,Hearth,3.465,9.370,1183,Hearth,1.000,5.894,1189,Hearth,3.173,6.153,1186,Kiln,7.584,1175,Hearth,1.210,7.019,1214,Kiln,5.792,1177,0
AT,21,S,FALSE,TRUE,0,4,Kiln,1.903,1141,Hearth,2.895,3.224,1238,Hearth,0.064,9.020,1199,Hearth,3.446,4.319,1176,0
AU,21,S,FALSE,TRUE,0,3,Kiln,0.269,1155,Hearth,3.020,5.152,1244,Kiln,0.512,1189,0
AV,21,S,FALSE,TRUE,0,1,Hearth,0.377,8.750,1209,0
AW,21,S,FALSE,TRUE,0,4,Kiln,2.418,1256,Hearth,2.669,6.814,1235,Hearth,2.642,6.128,1140,Hearth,0.109,9.496,1212,0
AX,21,S,FALSE,TRUE,0,2,Hearth,4.196,9.397,1217,Hearth,2.415,6.453,1164,0
AY,21,S,FALSE,TRUE,0,7,Hearth,3.819,9.713,1179,Kiln,4.637,1170,Kiln,5.102,1200,Kiln,9.285,1194,Kiln,8.149,1180,Hearth,2.278,9.085,1176,Hearth,3.636,9.223,1176,0
AZ,21,S,FALSE,TRUE,0,7,Hearth,2.024,4.241,1196,Hearth,1.713,2.812,1156,Kiln,3.828,1210,Kiln,5.327,1190,Hearth,1.116,5.793,1250,Hearth,1.203,5.196,1161,Kiln,6.058,1257,0
BA,21,N,FALSE,TRUE,0,0,0
BB,21,N,FALSE,TRUE,0,0,0
BC,21,N,FALSE,TRUE,0,0,0
BD,21,N,FALSE,TRUE,0,0,0
BE,21,N,FALSE,TRUE,0,0,0
BF,21,N,FALSE,TRUE,0,0,0
BG,21,N,FALSE,TRUE,0,0,0
BH,21,N,FALSE,TRUE,0,0,0
BI,21,N,FALSE,TRUE,0,0,0
BJ,21,N,FALSE,TRUE,0,0,0
BK,21,N,FALSE,TRUE,0,0,0
BL,21,N,FALSE,TRUE,0,0,0
BM,21,N,FALSE,TRUE,0,0,0
BN,21,N,FALSE,TRUE,0,0,0
BO,21,N,FALSE,TRUE,0,0,0
BP,21,N,FALSE,TRUE,0,0,0
BQ,21,N,FALSE,TRUE,0,0,0
BR,21,N,FALSE,TRUE,0,0,0
A,22,N,FALSE,FALSE,0,0,0
B,22,N,FALSE,FALSE,0,0,0
C,22,N,FALSE,FALSE,0,0,0
D,22,N,FALSE,FALSE,0,0,0
E,22,N,FALSE,FALSE,0,0,0
F,22,N,FALSE,FALSE,0,0,0
G,22,N,FALSE,FALSE,0,0,0
H,22,N,FALSE,FALSE,0,0,0
I,22,S,FALSE,FALSE,0,4,Hearth,3.043,5.356,1252,Hearth,2.671,8.262,1216,Kiln,0.326,1161,Hearth,4.797,0.919,1202,0
J,22,S,FALSE,FALSE,0,3,Kiln,6.419,1210,Kiln,7.093,1260,Hearth,4.882,6.087,1250,0
K,22,S,FALSE,FALSE,0,2,Hearth,3.281,6.288,1146,Kiln,4.741,1178,0
L,22,N,FALSE,FALSE,0,0,0
M,22,S,FALSE,FALSE,0,4,Hearth,0.250,2.717,1235,Hearth,2.433,7.162,1148,Hearth,0.361,4.482,1185,Kiln,5.480,1181,0
N,22,S,FALSE,FALSE,0,7,Kiln,2.994,1207,Hearth,3.033,0.250,1149,Kiln,2.435,1244,Kiln,6.728,1244,Kiln,9.076,1194,Hearth,2.554,6.944,1141,Hearth,2.535,3.129,1171,0
O,22,S,FALSE,FALSE,0,1,Hearth,4.899,3.543,1151,0
P,22,S,FALSE,FALSE,0,3,Kiln,6.541,1200,Kiln,3.126,1240,Hearth,4.904,3.438,1210,0
Q,22,S,FALSE,FALSE,0,2,Kiln,0.479,1253,Kiln,4.239,1184,0
R,22,S,FALSE,FALSE,0,4,Hearth,2.908,1.204,1178,Hearth,3.940,7.415,1225,Hearth,1.513,5.222,1182,Kiln,4.051,1212,0
S,22,S,FALSE,FALSE,0,7,Kiln,5.372,1244,Hearth,4.249,4.348,1233,Kiln,9.621,1181,Hearth,3.046,0.669,1139,Kiln,3.770,1258,Kiln,6.697,1176,Kiln,5.641,1213,0
T,22,S,FALSE,FALSE,0,4,Hearth,2.365,9.132,1190,Hearth,3.459,9.808,1149,Hearth,3.203,1.383,1241,Kiln,0.734,1229,0
U,22,S,FALSE,FALSE,0,7,Hearth,4.802,7.638,1247,Kiln,1.967,1184,Kiln,5.205,1169,Hearth,4.856,4.811,1257,Hearth,1.606,7.921,1258,Hearth,3.096,9.683,1259,Kiln,6.362,1208,0
V,22,S,FALSE,FALSE,0,6,Hearth,2.224,7.822,1189,Hearth,0.129,9.623,1151,Hearth,0.182,7.796,1145,Kiln,0.790,1185,Hearth,0.811,6.172,1196,Kiln,3.479,1172,0
W,22,S,FALSE,FALSE,0,6,Kiln,8.761,1235,Kiln,6.852,1237,Hearth,3.830,1.046,1164,Hearth,1.053,5.932,1168,Kiln,9.469,1139,Kiln,9.659,1175,0
X,22,S,FALSE,FALSE,0,2,Kiln,7.986,1228,Kiln,2.770,1166,0
Y,22,S,FALSE,FALSE,0,4,Kiln,2.643,1219,Kiln,8.157,1251,Kiln,2.975,1217,Kiln,0.910,1183,0
Z,22,S,FALSE,FALSE,0,2,Kiln,9.318,1171,Hearth,2.970,0.412,1218,0
AA,22,S,FALSE,FALSE,0,2,Hearth,0.221,5.532,1185,Hearth,4.915,1.864,1238,0
AB,22,S,FALSE,FALSE,0,2,Hearth,2.689,0.608,1190,Kiln,6.425,1186,0
AC,22,S,FALSE,FALSE,0,4,Hearth,0.066,9.733,1210,Kiln,6.594,1158,Hearth,0.154,3.117,1242,Kiln,6.301,1224,0
AD,22,S,FALSE,FALSE,0,7,Hearth,2.852,7.078,1196,Kiln,1.892,1196,Hearth,4.747,1.892,1158,Hearth,3.928,3.663,1229,Kiln,2.215,1234,Hearth,3.600,3.898,1157,Hearth,3.836,6.899,1217,0
AE,22,S,FALSE,FALSE,0,3,Hearth,1.506,5.695,1165,Kiln,6.591,1197,Hearth,2.168,5.126,1205,0
AF,22,S,FALSE,FALSE,0,7,Kiln,5.353,1168,Kiln,9.766,1207,Hearth,3.565,8.105,1150,Hearth,3.551,4.492,1225,Hearth,4.404,2.616,1146,Kiln,8.218,1241,Hearth,3.415,6.495,1251,0
AG,22,S,FALSE,FALSE,0,5,Kiln,9.877,1184,Hearth,2.085,0.531,1226,Kiln,2.970,1256,Kiln,9.199,1240,Hearth,3.160,9.389,1209,0
AH,22,S,FALSE,FALSE,0,2,Kiln,0.698,1258,Hearth,3.675,1.144,1237,0
AI,22,S,FALSE,FALSE,0,3,Hearth,0.394,0.919,1143,Kiln,2.689,1203,Kiln,9.518,1211,0
AJ,22,S,FALSE,FALSE,0,3,Hearth,0.778,5.200,1253,Hearth,4.601,3.188,1178,Kiln,3.701,1153,0
AK,22,S,FALSE,TRUE,0,4,Kiln,2.456,1160,Hearth,4.246,8.284,1210,Hearth,2.945,3.210,1208,Hearth,4.561,8.664,1166,0
AL,22,S,FALSE,TRUE,0,4,Hearth,2.090,7.907,1230,Hearth,4.898,4.110,1209,Kiln,2.182,1223,Kiln,3.384,1203,0
AM,22,S,FALSE,TRUE,0,6,Hearth,3.171,6.179,1193,Kiln,9.582,1257,Hearth,0.377,6.416,1198,Kiln,1.919,1249,Hearth,3.075,7.426,1175,Hearth,0.242,3.439,1236,0
AN,22,S,FALSE,TRUE,0,5,Hearth,0.864,7.023,1188,Kiln,9.830,1206,Kiln,5.641,1150,Kiln,3.824,1252,Kiln,4.960,1178,0
AO,22,S,FALSE,TRUE,0,3,Kiln,2.033,1193,Kiln,1.451,1235,Kiln,5.274,1176,0
AP,22,S,FALSE,TRUE,0,1,Kiln,7.491,1238,0
AQ,22,N,FALSE,TRUE,0,0,0
AR,22,N,FALSE,TRUE,0,0,0
AS,22,S,FALSE,TRUE,0,2,Hearth,3.434,3.094,1145,Kiln,1.337,1162,0
AT,22,S,FALSE,TRUE,0,2,Kiln,3.472,1153,Kiln,3.119,1154,0
AU,22,S,FALSE,TRUE,0,5,Kiln,8.561,1197,Hearth,2.204,6.155,1145,Hearth,2.130,1.716,1243,Hearth,1.456,7.555,1244,Kiln,6.001,1201,0
AV,22,S,FALSE,TRUE,0,5,Kiln,7.723,1205,Kiln,3.762,1222,Hearth,0.558,3.379,1144,Kiln,9.069,1232,Kiln,1.546,1257,0
AW,22,S,FALSE,TRUE,0,5,Kiln,1.546,1228,Hearth,0.508,8.772,1176,Hearth,3.382,1.981,1166,Hearth,0.254,3.412,1221,Hearth,0.999,6.572,1151,0
AX,22,S,FALSE,TRUE,0,5,Hearth,4.553,0.740,1207,Kiln,5.632,1141,Hearth,2.777,1.860,1230,Hearth,0.667,8.213,1259,Kiln,3.629,1155,0
AY,22,S,FALSE,TRUE,0,2,Kiln,4.089,1146,Hearth,4.233,5.780,1223,0
AZ,22,N,FALSE,TRUE,0,0,0
BA,22,N,FALSE,TRUE,0,0,0
BB,22,N,FALSE,TRUE,0,0,0
BC,22,N,FALSE,TRUE,0,0,0
BD,22,N,FALSE,TRUE,0,0,0
BE,22,N,FALSE,TRUE,0,0,0
BF,22,N,FALSE,TRUE,0,0,0
BG,22,N,FALSE,TRUE,0,0,0
BH,22,N,FALSE,TRUE,0,0,0
BI,22,N,FALSE,TRUE,0,0,0
BJ,22,N,FALSE,TRUE,0,0,0
BK,22,N,FALSE,TRUE,0,0,0
BL,22,N,FALSE,TRUE,0,0,0
BM,22,N,FALSE,TRUE,0,0,0
BN,22,N,FALSE,TRUE,0,0,0
BO,22,N,FALSE,TRUE,0,0,0
BP,22,N,FALSE,TRUE,0,0,0
BQ,22,N,FALSE,TRUE,0,0,0
BR,22,N,FALSE,TRUE,0,0,0
A,23,N,FALSE,FALSE,0,0,0
B,23,N,FALSE,FALSE,0,0,0
C,23,N,FALSE,FALSE,0,0,0
D,23,N,FALSE,FALSE,0,0,0
E,23,N,FALSE,FALSE,0,0,0
F,23,N,FALSE,FALSE,0,0,0
G,23,N,FALSE,FALSE,0,0,0
H,23,N,FALSE,FALSE,0,0,0
I,23,N,FALSE,FALSE,0,0,0
J,23,N,FALSE,FALSE,0,0,0
K,23,N,FALSE,FALSE,0,0,0
L,23,N,FALSE,FALSE,0,0,0
M,23,N,FALSE,FALSE,0,0,0
N,23,N,FALSE,FALSE,0,0,0
O,23,N,FALSE,FALSE,0,0,0
P,23,N,FALSE,FALSE,0,0,0
Q,23,N,FALSE,FALSE,0,0,0
R,23,N,FALSE,FALSE,0,0,0
S,23,S,FALSE,FALSE,0,5,Kiln,4.862,1170,Hearth,2.842,2.615,1159,Hearth,2.356,6.780,1245,Kiln,8.787,1183,Hearth,1.723,5.805,1157,0
T,23,S,FALSE,FALSE,0,6,Kiln,6.421,1211,Kiln,1.593,1246,Hearth,4.134,4.214,1223,Kiln,4.167,1182,Hearth,4.264,7.717,1189,Kiln,6.487,1177,0
U,23,S,FALSE,FALSE,0,7,Kiln,8.150,1167,Kiln,6.950,1158,Hearth,0.673,8.205,1179,Kiln,5.505,1212,Kiln,0.391,1169,Kiln,5.441,1224,Hearth,0.084,3.445,1179,0
V,23,N,FALSE,FALSE,0,0,0
W,23,N,FALSE,FALSE,0,0,0
X,23,N,FALSE,FALSE,0,0,0
Y,23,N,FALSE,FALSE,0,0,0
Z,23,N,FALSE,FALSE,0,0,0
AA,23,N,FALSE,FALSE,0,0,0
AB,23,N,FALSE,FALSE,0,0,0
AC,23,N,FALSE,FALSE,0,0,0
AD,23,N,FALSE,FALSE,0,0,0
AE,23,N,FALSE,FALSE,0,0,0
AF,23,N,FALSE,FALSE,0,0,0
AG,23,N,FALSE,FALSE,0,0,0
AH,23,N,FALSE,FALSE,0,0,0
AI,23,N,FALSE,FALSE,0,0,0
AJ,23,S,FALSE,FALSE,0,4,Hearth,1.014,5.371,1212,Kiln,5.972,1230,Hearth,0.879,0.699,1178,Kiln,6.493,1174,0
AK,23,S,FALSE,TRUE,0,2,Kiln,5.949,1155,Hearth,2.460,7.309,1245,0
AL,23,N,FALSE,TRUE,0,0,0
AM,23,N,FALSE,TRUE,0,0,0
AN,23,N,FALSE,TRUE,0,0,0
AO,23,N,FALSE,TRUE,0,0,0
AP,23,N,FALSE,TRUE,0,0,0
AQ,23,N,FALSE,TRUE,0,0,0
AR,23,N,FALSE,TRUE,0,0,0
AS,23,N,FALSE,TRUE,0,0,0
AT,23,S,FALSE,TRUE,0,6,Kiln,1.724,1198,Hearth,0.067,9.214,1232,Kiln,0.347,1161,Hearth,4.924,9.212,1193,Hearth,4.314,2.891,1145,Kiln,0.045,1241,0
AU,23,S,FALSE,TRUE,0,5,Kiln,1.594,1196,Kiln,4.125,1224,Kiln,7.809,1198,Kiln,0.256,1196,Kiln,8.888,1240,0
AV,23,S,FALSE,TRUE,0,4,Kiln,3.050,1193,Hearth,3.676,3.079,1186,Hearth,3.215,2.459,1178,Kiln,5.639,1207,0
AW,23,S,FALSE,TRUE,0,2,Hearth,1.942,8.845,1198,Kiln,0.504,1242,0
AX,23,S,FALSE,TRUE,0,1,Kiln,6.840,1153,0
AY,23,N,FALSE,TRUE,0,0,0
AZ,23,N,FALSE,TRUE,0,0,0
BA,23,N,FALSE,TRUE,0,0,0
BB,23,N,FALSE,TRUE,0,0,0
BC,23,N,FALSE,TRUE,0,0,0
BD,23,N,FALSE,TRUE,0,0,0
BE,23,N,FALSE,TRUE,0,0,0
BF,23,N,FALSE,TRUE,0,0,0
BG,23,N,FALSE,TRUE,0,0,0
BH,23,N,FALSE,TRUE,0,0,0
BI,23,N,FALSE,TRUE,0,0,0
BJ,23,N,FALSE,TRUE,0,0,0
BK,23,N,FALSE,TRUE,0,0,0
BL,23,N,FALSE,TRUE,0,0,0
BM,23,N,FALSE,TRUE,0,0,0
BN,23,N,FALSE,TRUE,0,0,0
BO,23,N,FALSE,TRUE,0,0,0
BP,23,N,FALSE,TRUE,0,0,0
BQ,23,N,FALSE,TRUE,0,0,0
BR,23,N,FALSE,TRUE,0,0,0
A,24,N,FALSE,FALSE,0,0,0
B,24,N,FALSE,FALSE,0,0,0
C,24,N,FALSE,FALSE,0,0,0
D,24,N,FALSE,FALSE,0,0,0
E,24,N,FALSE,FALSE,0,0,0
F,24,N,FALSE,FALSE,0,0,0
G,24,N,FALSE,FALSE,0,0,0
H,24,N,FALSE,FALSE,0,0,0
I,24,N,FALSE,FALSE,0,0,0
J,24,N,FALSE,FALSE,0,0,0
K,24,N,FALSE,FALSE,0,0,0
L,24,N,FALSE,FALSE,0,0,0
M,24,N,FALSE,FALSE,0,0,0
N,24,N,FALSE,FALSE,0,0,0
O,24,N,FALSE,FALSE,0,0,0
P,24,N,FALSE,FALSE,0,0,0
Q,24,N,FALSE,FALSE,0,0,0
R,24,N,FALSE,FALSE,0,0,0
S,24,N,FALSE,FALSE,0,0,0
T,24,N,FALSE,FALSE,0,0,0
U,24,N,FALSE,FALSE,0,0,0
V,24,N,FALSE,FALSE,0,0,0
W,24,N,FALSE,FALSE,0,0,0
X,24,N,FALSE,FALSE,0,0,0
Y,24,N,FALSE,FALSE,0,0,0
Z,24,N,FALSE,FALSE,0,0,0
AA,24,N,FALSE,FALSE,0,0,0
AB,24,N,FALSE,FALSE,0,0,0
AC,24,N,FALSE,FALSE,0,0,0
AD,24,N,FALSE,FALSE,0,0,0
AE,24,N,FALSE,FALSE,0,0,0
AF,24,N,FALSE,FALSE,0,0,0
AG,24,N,FALSE,FALSE,0,0,0
AH,24,N,FALSE,FALSE,0,0,0
AI,24,N,FALSE,FALSE,0,0,0
AJ,24,S,FALSE,FALSE,0,7,Hearth,4.476,9.802,1170,Kiln,6.099,1183,Kiln,5.023,1194,Kiln,1.334,1203,Hearth,3.120,6.104,1172,Hearth,0.247,3.267,1156,Kiln,2.139,1220,0
AK,24,N,FALSE,TRUE,0,0,0
AL,24,N,FALSE,TRUE,0,0,0
AM,24,S,FALSE,TRUE,0,7,Kiln,1.479,1208,Hearth,1.608,0.881,1166,Hearth,0.707,9.306,1237,Kiln,3.451,1245,Hearth,4.214,8.867,1150,Hearth,1.247,4.211,1229,Hearth,0.474,2.221,1215,0
AN,24,S,FALSE,TRUE,0,7,Hearth,3.432,4.109,1255,Hearth,3.240,3.942,1139,Hearth,4.938,8.388,1195,Kiln,8.112,1191,Kiln,2.852,1259,Hearth,4.804,2.761,1261,Hearth,4.098,3.318,1250,0
AO,24,N,FALSE,TRUE,0,0,0
AP,24,N,FALSE,TRUE,0,0,0
AQ,24,N,FALSE,TRUE,0,0,0
AR,24,N,FALSE,TRUE,0,0,0
AS,24,N,FALSE,TRUE,0,0,0
AT,24,S,FALSE,TRUE,0,5,Kiln,7.369,1172,Hearth,4.511,5.358,1171,Kiln,5.633,1194,Hearth,2.743,1.401,1218,Kiln,6.439,1259,0
AU,24,S,FALSE,TRUE,0,7,Kiln,7.850,1164,Kiln,5.276,1212,Hearth,4.728,6.492,1185,Kiln,8.345,1189,Hearth,2.457,4.764,1168,Hearth,1.884,5.129,1166,Hearth,1.270,9.091,1139,0
AV,24,S,FALSE,TRUE,0,5,Kiln,4.840,1170,Hearth,2.241,7.567,1169,Hearth,3.922,8.283,1183,Kiln,6.565,1164,Kiln,1.351,1239,0
AW,24,S,FALSE,TRUE,0,3,Kiln,7.667,1189,Hearth,1.350,1.271,1183,Kiln,5.622,1141,0
AX,24,S,FALSE,TRUE,0,7,Hearth,1.978,1.984,1228,Kiln,2.796,1149,Hearth,4.791,5.762,1168,Kiln,7.960,1259,Hearth,3.743,6.806,1166,Hearth,2.789,8.955,1238,Kiln,9.575,1241,0
AY,24,N,FALSE,TRUE,0,0,0
AZ,24,N,FALSE,TRUE,0,0,0
BA,24,N,FALSE,TRUE,0,0,0
BB,24,N,FALSE,TRUE,0,0,0
BC,24,N,FALSE,TRUE,0,0,0
BD,24,N,FALSE,TRUE,0,0,0
BE,24,N,FALSE,TRUE,0,0,0
BF,24,N,FALSE,TRUE,0,0,0
BG,24,N,FALSE,TRUE,0,0,0
BH,24,N,FALSE,TRUE,0,0,0
BI,24,N,FALSE,TRUE,0,0,0
BJ,24,N,FALSE,TRUE,0,0,0
BK,24,N,FALSE,TRUE,0,0,0
BL,24,N,FALSE,TRUE,0,0,0
BM,24,N,FALSE,TRUE,0,0,0
BN,24,N,FALSE,TRUE,0,0,0
BO,24,N,FALSE,TRUE,0,0,0
BP,24,N,FALSE,TRUE,0,0,0
BQ,24,N,FALSE,TRUE,0,0,0
BR,24,N,FALSE,TRUE,0,0,0
A,25,N,FALSE,FALSE,0,0,0
B,25,N,FALSE,FALSE,0,0,0
C,25,N,FALSE,FALSE,0,0,0
D,25,N,FALSE,FALSE,0,0,0
E,25,N,FALSE,FALSE,0,0,0
F,25,N,FALSE,FALSE,0,0,0
G,25,N,FALSE,FALSE,0,0,0
H,25,N,FALSE,FALSE,0,0,0
I,25,N,FALSE,FALSE,0,0,0
J,25,N,FALSE,FALSE,0,0,0
K,25,N,FALSE,FALSE,0,0,0
L,25,N,FALSE,FALSE,0,0,0
M,25,N,FALSE,FALSE,0,0,0
N,25,N,FALSE,FALSE,0,0,0
O,25,N,FALSE,FALSE,0,0,0
P,25,N,FALSE,FALSE,0,0,0
Q,25,S,FALSE,FALSE,0,3,Hearth,0.709,4.521,1161,Hearth,0.656,5.959,1201,Kiln,9.325,1174,0
R,25,S,FALSE,FALSE,0,1,Hearth,0.564,4.800,1184,0
S,25,S,FALSE,FALSE,0,4,Hearth,2.954,9.715,1149,Hearth,0.674,2.101,1258,Kiln,1.563,1233,Hearth,4.286,2.232,1198,0
T,25,N,FALSE,FALSE,0,0,0
U,25,N,FALSE,FALSE,0,0,0
V,25,N,FALSE,FALSE,0,0,0
W,25,N,FALSE,FALSE,0,0,0
X,25,N,FALSE,FALSE,0,0,0
Y,25,N,FALSE,FALSE,0,0,0
Z,25,N,FALSE,FALSE,0,0,0
AA,25,N,FALSE,FALSE,0,0,0
AB,25,N,FALSE,FALSE,0,0,0
AC,25,N,FALSE,FALSE,0,0,0
AD,25,N,FALSE,FALSE,0,0,0
AE,25,N,FALSE,FALSE,0,0,0
AF,25,N,FALSE,FALSE,0,0,0
AG,25,N,FALSE,FALSE,0,0,0
AH,25,N,FALSE,FALSE,0,0,0
AI,25,N,FALSE,FALSE,0,0,0
AJ,25,S,FALSE,FALSE,0,1,Kiln,3.476,1168,0
AK,25,N,FALSE,TRUE,0,0,0
AL,25,S,FALSE,TRUE,0,3,Hearth,1.722,3.841,1239,Hearth,2.957,0.794,1157,Kiln,1.207,1261,0
AM,25,S,FALSE,TRUE,0,7,Hearth,0.476,6.473,1181,Hearth,3.032,9.746,1142,Kiln,3.870,1181,Kiln,7.637,1216,Kiln,9.240,1185,Kiln,1.298,1216,Hearth,4.273,3.485,1227,0
AN,25,S,FALSE,TRUE,0,4,Hearth,1.556,4.981,1202,Hearth,4.083,8.156,1196,Kiln,4.472,1149,Hearth,4.093,5.561,1258,0
AO,25,N,FALSE,TRUE,0,0,0
AP,25,N,FALSE,TRUE,0,0,0
AQ,25,N,FALSE,TRUE,0,0,0
AR,25,N,FALSE,TRUE,0,0,0
AS,25,N,FALSE,TRUE,0,0,0
AT,25,N,FALSE,TRUE,0,0,0
AU,25,N,FALSE,TRUE,0,0,0
AV,25,N,FALSE,TRUE,0,0,0
AW,25,N,FALSE,TRUE,0,0,0
AX,25,N,FALSE,TRUE,0,0,0
AY,25,N,FALSE,TRUE,0,0,0
AZ,25,N,FALSE,TRUE,0,0,0
BA,25,N,FALSE,TRUE,0,0,0
BB,25,N,FALSE,TRUE,0,0,0
BC,25,N,FALSE,TRUE,0,0,0
BD,25,N,FALSE,TRUE,0,0,0
BE,25,N,FALSE,TRUE,0,0,0
BF,25,N,FALSE,TRUE,0,0,0
BG,25,N,FALSE,TRUE,0,0,0
BH,25,N,FALSE,TRUE,0,0,0
BI,25,N,FALSE,TRUE,0,0,0
BJ,25,N,FALSE,TRUE,0,0,0
BK,25,N,FALSE,TRUE,0,0,0
BL,25,N,FALSE,TRUE,0,0,0
BM,25,N,FALSE,TRUE,0,0,0
BN,25,N,FALSE,TRUE,0,0,0
BO,25,N,FALSE,TRUE,0,0,0
BP,25,N,FALSE,TRUE,0,0,0
BQ,25,N,FALSE,TRUE,0,0,0
BR,25,N,FALSE,TRUE,0,0,0
A,26,N,FALSE,FALSE,0,0,0
B,26,N,FALSE,FALSE,0,0,0
C,26,N,FALSE,FALSE,0,0,0
D,26,N,FALSE,FALSE,0,0,0
E,26,N,FALSE,FALSE,0,0,0
F,26,N,FALSE,FALSE,0,0,0
G,26,N,FALSE,FALSE,0,0,0
H,26,N,FALSE,FALSE,0,0,0
I,26,N,FALSE,FALSE,0,0,0
J,26,N,FALSE,FALSE,0,0,0
K,26,N,FALSE,FALSE,0,0,0
L,26,N,FALSE,FALSE,0,0,0
M,26,N,FALSE,FALSE,0,0,0
N,26,N,FALSE,FALSE,0,0,0
O,26,N,FALSE,FALSE,0,0,0
P,26,N,FALSE,FALSE,0,0,0
Q,26,N,FALSE,FALSE,0,0,0
R,26,N,FALSE,FALSE,0,0,0
S,26,N,FALSE,FALSE,0,0,0
T,26,N,FALSE,FALSE,0,0,0
U,26,N,FALSE,FALSE,0,0,0
V,26,N,FALSE,FALSE,0,0,0
W,26,N,FALSE,FALSE,0,0,0
X,26,N,FALSE,FALSE,0,0,0
Y,26,N,FALSE,FALSE,0,0,0
Z,26,N,FALSE,FALSE,0,0,0
AA,26,N,FALSE,FALSE,0,0,0
AB,26,N,FALSE,FALSE,0,0,0
AC,26,N,FALSE,FALSE,0,0,0
AD,26,N,FALSE,FALSE,0,0,0
AE,26,N,FALSE,FALSE,0,0,0
AF,26,N,FALSE,FALSE,0,0,0
AG,26,N,FALSE,FALSE,0,0,0
AH,26,N,FALSE,FALSE,0,0,0
AI,26,S,FALSE,FALSE,0,1,Kiln,2.464,1159,0
AJ,26,S,FALSE,FALSE,0,1,Kiln,4.435,1145,0
AK,26,S,FALSE,TRUE,0,3,Kiln,2.334,1203,Kiln,4.753,1234,Kiln,1.722,1239,0
AL,26,N,FALSE,TRUE,0,0,0
AM,26,N,FALSE,TRUE,0,0,0
AN,26,N,FALSE,TRUE,0,0,0
AO,26,N,FALSE,TRUE,0,0,0
AP,26,N,FALSE,TRUE,0,0,0
AQ,26,N,FALSE,TRUE,0,0,0
AR,26,N,FALSE,TRUE,0,0,0
AS,26,N,FALSE,TRUE,0,0,0
AT,26,N,FALSE,TRUE,0,0,0
AU,26,N,FALSE,TRUE,0,0,0
AV,26,N,FALSE,TRUE,0,0,0
AW,26,N,FALSE,TRUE,0,0,0
AX,26,N,FALSE,TRUE,0,0,0
AY,26,N,FALSE,TRUE,0,0,0
AZ,26,N,FALSE,TRUE,0,0,0
BA,26,N,FALSE,TRUE,0,0,0
BB,26,N,FALSE,TRUE,0,0,0
BC,26,N,FALSE,TRUE,0,0,0
BD,26,N,FALSE,TRUE,0,0,0
BE,26,N,FALSE,TRUE,0,0,0
BF,26,N,FALSE,TRUE,0,0,0
BG,26,N,FALSE,TRUE,0,0,0
BH,26,N,FALSE,TRUE,0,0,0
BI,26,N,FALSE,TRUE,0,0,0
BJ,26,N,FALSE,TRUE,0,0,0
BK,26,N,FALSE,TRUE,0,0,0
BL,26,N,FALSE,TRUE,0,0,0
BM,26,N,FALSE,TRUE,0,0,0
BN,26,N,FALSE,TRUE,0,0,0
BO,26,N,FALSE,TRUE,0,0,0
BP,26,N,FALSE,TRUE,0,0,0
BQ,26,N,FALSE,TRUE,0,0,0
BR,26,N,FALSE,TRUE,0,0,0
A,27,N,FALSE,FALSE,0,0,0
B,27,N,FALSE,FALSE,0,0,0
C,27,N,FALSE,FALSE,0,0,0
D,27,N,FALSE,FALSE,0,0,0
E,27,N,FALSE,FALSE,0,0,0
F,27,N,FALSE,FALSE,0,0,0
G,27,N,FALSE,FALSE,0,0,0
H,27,N,FALSE,FALSE,0,0,0
I,27,N,FALSE,FALSE,0,0,0
J,27,N,FALSE,FALSE,0,0,0
K,27,N,FALSE,FALSE,0,0,0
L,27,N,FALSE,FALSE,0,0,0
M,27,N,FALSE,FALSE,0,0,0
N,27,N,FALSE,FALSE,0,0,0
O,27,N,FALSE,FALSE,0,0,0
P,27,N,FALSE,FALSE,0,0,0
Q,27,N,FALSE,FALSE,0,0,0
R,27,N,FALSE,FALSE,0,0,0
S,27,N,FALSE,FALSE,0,0,0
T,27,N,FALSE,FALSE,0,0,0
U,27,N,FALSE,FALSE,0,0,0
V,27,N,FALSE,FALSE,0,0,0
W,27,N,FALSE,FALSE,0,0,0
X,27,N,FALSE,FALSE,0,0,0
Y,27,N,FALSE,FALSE,0,0,0
Z,27,N,FALSE,FALSE,0,0,0
AA,27,N,FALSE,FALSE,0,0,0
AB,27,N,FALSE,FALSE,0,0,0
AC,27,N,FALSE,FALSE,0,0,0
AD,27,N,FALSE,FALSE,0,0,0
AE,27,N,FALSE,FALSE,0,0,0
AF,27,N,FALSE,FALSE,0,0,0
AG,27,N,FALSE,FALSE,0,0,0
AH,27,N,FALSE,FALSE,0,0,0
AI,27,N,FALSE,FALSE,0,0,0
AJ,27,S,FALSE,FALSE,0,4,Hearth,4.671,8.607,1261,Hearth,4.792,7.648,1232,Hearth,2.988,6.168,1248,Kiln,4.089,1163,0
AK,27,S,FALSE,TRUE,0,5,Hearth,1.366,5.539,1219,Hearth,3.281,9.760,1238,Hearth,2.039,9.365,1173,Kiln,1.195,1199,Hearth,0.095,4.111,1259,0
AL,27,N,FALSE,TRUE,0,0,0
AM,27,N,FALSE,TRUE,0,0,0
AN,27,N,FALSE,TRUE,0,0,0
AO,27,N,FALSE,TRUE,0,0,0
AP,27,N,FALSE,TRUE,0,0,0
AQ,27,N,FALSE,TRUE,0,0,0
AR,27,N,FALSE,TRUE,0,0,0
AS,27,N,FALSE,TRUE,0,0,0
AT,27,N,FALSE,TRUE,0,0,0
AU,27,N,FALSE,TRUE,0,0,0
AV,27,N,FALSE,TRUE,0,0,0
AW,27,N,FALSE,TRUE,0,0,0
AX,27,N,FALSE,TRUE,0,0,0
AY,27,N,FALSE,TRUE,0,0,0
AZ,27,N,FALSE,TRUE,0,0,0
BA,27,N,FALSE,TRUE,0,0,0
BB,27,N,FALSE,TRUE,0,0,0
BC,27,N,FALSE,TRUE,0,0,0
BD,27,N,FALSE,TRUE,0,0,0
BE,27,N,FALSE,TRUE,0,0,0
BF,27,N,FALSE,TRUE,0,0,0
BG,27,N,FALSE,TRUE,0,0,0
BH,27,N,FALSE,TRUE,0,0,0
BI,27,N,FALSE,TRUE,0,0,0
BJ,27,N,FALSE,TRUE,0,0,0
BK,27,N,FALSE,TRUE,0,0,0
BL,27,N,FALSE,TRUE,0,0,0
BM,27,N,FALSE,TRUE,0,0,0
BN,27,N,FALSE,TRUE,0,0,0
BO,27,N,FALSE,TRUE,0,0,0
BP,27,N,FALSE,TRUE,0,0,0
BQ,27,N,FALSE,TRUE,0,0,0
BR,27,N,FALSE,TRUE,0,0,0
A,28,N,FALSE,FALSE,0,0,0
B,28,N,FALSE,FALSE,0,0,0
C,28,N,FALSE,FALSE,0,0,0
D,28,N,FALSE,FALSE,0,0,0
E,28,N,FALSE,FALSE,0,0,0
F,28,N,FALSE,FALSE,0,0,0
G,28,N,FALSE,FALSE,0,0,0
H,28,N,FALSE,FALSE,0,0,0
I,28,N,FALSE,FALSE,0,0,0
J,28,N,FALSE,FALSE,0,0,0
K,28,N,FALSE,FALSE,0,0,0
L,28,N,FALSE,FALSE,0,0,0
M,28,N,FALSE,FALSE,0,0,0
N,28,N,FALSE,FALSE,0,0,0
O,28,N,FALSE,FALSE,0,0,0
P,28,N,FALSE,FALSE,0,0,0
Q,28,N,FALSE,FALSE,0,0,0
R,28,N,FALSE,FALSE,0,0,0
S,28,N,FALSE,FALSE,0,0,0
T,28,N,FALSE,FALSE,0,0,0
U,28,N,FALSE,FALSE,0,0,0
V,28,N,FALSE,FALSE,0,0,0
W,28,N,FALSE,FALSE,0,0,0
X,28,N,FALSE,FALSE,0,0,0
Y,28,N,FALSE,FALSE,0,0,0
Z,28,N,FALSE,FALSE,0,0,0
AA,28,N,FALSE,FALSE,0,0,0
AB,28,N,FALSE,FALSE,0,0,0
AC,28,N,FALSE,FALSE,0,0,0
AD,28,N,FALSE,FALSE,0,0,0
AE,28,N,FALSE,FALSE,0,0,0
AF,28,N,FALSE,FALSE,0,0,0
AG,28,N,FALSE,FALSE,0,0,0
AH,28,N,FALSE,FALSE,0,0,0
AI,28,N,FALSE,FALSE,0,0,0
AJ,28,N,FALSE,FALSE,0,0,0
AK,28,N,FALSE,TRUE,0,0,0
AL,28,N,FALSE,TRUE,0,0,0
AM,28,N,FALSE,TRUE,0,0,0
AN,28,N,FALSE,TRUE,0,0,0
AO,28,N,FALSE,TRUE,0,0,0
AP,28,N,FALSE,TRUE,0,0,0
AQ,28,N,FALSE,TRUE,0,0,0
AR,28,N,FALSE,TRUE,0,0,0
AS,28,N,FALSE,TRUE,0,0,0
AT,28,N,FALSE,TRUE,0,0,0
AU,28,N,FALSE,TRUE,0,0,0
AV,28,N,FALSE,TRUE,0,0,0
AW,28,N,FALSE,TRUE,0,0,0
AX,28,N,FALSE,TRUE,0,0,0
AY,28,N,FALSE,TRUE,0,0,0
AZ,28,N,FALSE,TRUE,0,0,0
BA,28,N,FALSE,TRUE,0,0,0
BB,28,N,FALSE,TRUE,0,0,0
BC,28,N,FALSE,TRUE,0,0,0
BD,28,N,FALSE,TRUE,0,0,0
BE,28,N,FALSE,TRUE,0,0,0
BF,28,N,FALSE,TRUE,0,0,0
BG,28,N,FALSE,TRUE,0,0,0
BH,28,N,FALSE,TRUE,0,0,0
BI,28,N,FALSE,TRUE,0,0,0
BJ,28,N,FALSE,TRUE,0,0,0
BK,28,N,FALSE,TRUE,0,0,0
BL,28,N,FALSE,TRUE,0,0,0
BM,28,N,FALSE,TRUE,0,0,0
BN,28,N,FALSE,TRUE,0,0,0
BO,28,N,FALSE,TRUE,0,0,0
BP,28,N,FALSE,TRUE,0,0,0
BQ,28,N,FALSE,TRUE,0,0,0
BR,28,N,FALSE,TRUE,0,0,0
A,29,N,FALSE,FALSE,0,0,0
B,29,N,FALSE,FALSE,0,0,0
C,29,N,FALSE,FALSE,0,0,0
D,29,N,FALSE,FALSE,0,0,0
E,29,N,FALSE,FALSE,0,0,0
F,29,N,FALSE,FALSE,0,0,0
G,29,N,FALSE,FALSE,0,0,0
H,29,N,FALSE,FALSE,0,0,0
I,29,N,FALSE,FALSE,0,0,0
J,29,N,FALSE,FALSE,0,0,0
K,29,N,FALSE,FALSE,0,0,0
L,29,N,FALSE,FALSE,0,0,0
M,29,N,FALSE,FALSE,0,0,0
N,29,N,FALSE,FALSE,0,0,0
O,29,N,FALSE,FALSE,0,0,0
P,29,N,FALSE,FALSE,0,0,0
Q,29,N,FALSE,FALSE,0,0,0
R,29,N,FALSE,FALSE,0,0,0
S,29,N,FALSE,FALSE,0,0,0
T,29,N,FALSE,FALSE,0,0,0
U,29,N,FALSE,FALSE,0,0,0
V,29,N,FALSE,FALSE,0,0,0
W,29,N,FALSE,FALSE,0,0,0
X,29,N,FALSE,FALSE,0,0,0
Y,29,N,FALSE,FALSE,0,0,0
Z,29,N,FALSE,FALSE,0,0,0
AA,29,N,FALSE,FALSE,0,0,0
AB,29,N,FALSE,FALSE,0,0,0
AC,29,N,FALSE,FALSE,0,0,0
AD,29,N,FALSE,FALSE,0,0,0
AE,29,N,FALSE,FALSE,0,0,0
AF,29,N,FALSE,FALSE,0,0,0
AG,29,N,FALSE,FALSE,0,0,0
AH,29,N,FALSE,FALSE,0,0,0
AI,29,N,FALSE,FALSE,0,0,0
AJ,29,N,FALSE,FALSE,0,0,0
AK,29,N,FALSE,TRUE,0,0,0
AL,29,N,FALSE,TRUE,0,0,0
AM,29,N,FALSE,TRUE,0,0,0
AN,29,N,FALSE,TRUE,0,0,0
AO,29,N,FALSE,TRUE,0,0,0
AP,29,N,FALSE,TRUE,0,0,0
AQ,29,N,FALSE,TRUE,0,0,0
AR,29,N,FALSE,TRUE,0,0,0
AS,29,N,FALSE,TRUE,0,0,0
AT,29,N,FALSE,TRUE,0,0,0
AU,29,N,FALSE,TRUE,0,0,0
AV,29,N,FALSE,TRUE,0,0,0
AW,29,N,FALSE,TRUE,0,0,0
AX,29,N,FALSE,TRUE,0,0,0
AY,29,N,FALSE,TRUE,0,0,0
AZ,29,N,FALSE,TRUE,0,0,0
BA,29,N,FALSE,TRUE,0,0,0
BB,29,N,FALSE,TRUE,0,0,0
BC,29,N,FALSE,TRUE,0,0,0
BD,29,N,FALSE,TRUE,0,0,0
BE,29,N,FALSE,TRUE,0,0,0
BF,29,N,FALSE,TRUE,0,0,0
BG,29,N,FALSE,TRUE,0,0,0
BH,29,N,FALSE,TRUE,0,0,0
BI,29,N,FALSE,TRUE,0,0,0
BJ,29,N,FALSE,TRUE,0,0,0
BK,29,N,FALSE,TRUE,0,0,0
BL,29,N,FALSE,TRUE,0,0,0
BM,29,N,FALSE,TRUE,0,0,0
BN,29,N,FALSE,TRUE,0,0,0
BO,29,N,FALSE,TRUE,0,0,0
BP,29,N,FALSE,TRUE,0,0,0
BQ,29,N,FALSE,TRUE,0,0,0
BR,29,N,FALSE,TRUE,0,0,0
